crop_type,region,demand_tons,supply_tons,avg_quality_score,avg_batch_age_days,market_price_per_kg
wheat,Bangalore,15.5,37.3,0.84,4.1,16.21
tomato,Hyderabad,10.6,43.9,0.93,2.5,5.0
tomato,Bangalore,19.1,28.4,0.77,3.0,10.61
wheat,Chennai,12.7,31.6,0.75,7.9,14.36
tomato,Hyderabad,35.8,33.8,0.78,1.1,17.79
onion,Bangalore,10.5,18.1,0.7,5.8,15.8
tomato,Hyderabad,15.2,23.7,0.67,6.3,6.91
onion,Bangalore,39.1,37.1,0.98,7.3,17.12
onion,Hyderabad,37.7,13.1,0.68,1.3,25.57
onion,Hyderabad,34.9,22.5,0.71,4.8,18.18
tomato,Bangalore,34.1,12.6,0.99,6.4,21.65
wheat,Hyderabad,33.1,12.6,0.74,1.8,32.15
wheat,Bangalore,28.7,21.6,0.63,3.2,26.91
onion,Hyderabad,26.8,23.4,0.99,6.9,16.81
tomato,Chennai,17.1,19.0,0.62,6.0,11.25
wheat,Hyderabad,36.9,26.6,0.83,5.9,22.6
tomato,Hyderabad,28.1,28.9,0.68,7.6,14.22
onion,Chennai,34.2,32.2,0.95,6.6,19.86
onion,Chennai,26.2,38.3,0.96,3.2,16.23
onion,Bangalore,34.5,40.1,0.6,4.6,14.75
tomato,Chennai,16.7,14.2,0.74,7.6,12.7
tomato,Bangalore,11.9,18.9,0.7,5.9,6.57
wheat,Bangalore,14.4,44.9,0.71,7.8,9.14
tomato,Bangalore,17.2,15.1,0.8,7.9,12.12
wheat,Hyderabad,32.8,18.3,0.89,3.6,30.86
wheat,Hyderabad,12.7,39.2,0.73,2.3,18.55
tomato,Hyderabad,27.7,33.7,0.61,4.6,12.67
tomato,Bangalore,21.9,28.1,0.94,5.7,9.92
tomato,Bangalore,16.3,29.0,0.88,2.6,9.17
tomato,Chennai,36.9,41.5,0.85,3.4,14.48
wheat,Hyderabad,31.8,41.4,0.95,6.5,17.52
onion,Chennai,10.3,13.6,0.87,1.0,21.05
onion,Chennai,24.6,25.7,1.0,2.2,21.05
wheat,Hyderabad,29.7,29.9,0.64,3.6,21.35
wheat,Chennai,17.3,44.1,0.76,7.2,14.35
onion,Bangalore,27.3,27.2,0.68,6.1,17.52
wheat,Hyderabad,33.1,11.5,1.0,4.3,31.43
tomato,Bangalore,37.8,25.0,0.99,7.7,16.08
tomato,Hyderabad,19.2,16.7,0.71,4.4,11.99
onion,Chennai,37.9,12.5,0.68,5.7,21.13
wheat,Chennai,17.6,20.3,0.73,6.9,20.05
wheat,Bangalore,18.9,24.7,0.7,5.3,17.99
onion,Hyderabad,25.0,37.9,0.86,5.9,14.23
wheat,Hyderabad,21.3,13.3,0.83,1.3,27.93
tomato,Chennai,26.3,20.0,0.84,1.2,17.34
tomato,Bangalore,18.1,43.8,0.78,6.9,5.0
onion,Hyderabad,31.0,14.8,0.65,7.8,17.12
onion,Hyderabad,17.5,16.5,0.63,4.0,14.14
tomato,Bangalore,15.2,15.5,0.7,4.8,15.33
tomato,Bangalore,38.6,35.8,0.82,5.3,17.28
wheat,Hyderabad,17.4,22.5,0.9,1.1,23.76
onion,Chennai,24.7,26.6,0.67,4.0,21.18
wheat,Chennai,28.5,32.2,0.62,3.6,21.0
tomato,Bangalore,30.5,31.6,0.98,7.6,17.36
wheat,Chennai,27.2,14.5,0.92,6.7,27.44
onion,Hyderabad,15.9,12.4,0.64,1.1,22.07
wheat,Chennai,30.5,12.5,0.73,6.9,24.19
tomato,Chennai,28.9,40.7,0.89,6.6,9.0
tomato,Chennai,22.7,29.9,0.83,6.1,10.39
wheat,Chennai,26.9,18.4,0.87,6.2,22.94
wheat,Bangalore,21.3,28.7,0.8,3.7,19.62
tomato,Bangalore,35.4,22.4,0.98,5.7,17.81
wheat,Chennai,29.0,25.7,0.72,3.3,26.16
wheat,Bangalore,13.4,42.6,0.99,8.0,13.59
onion,Bangalore,32.1,29.1,0.88,7.8,18.95
tomato,Bangalore,35.2,24.9,0.69,3.8,18.38
wheat,Chennai,14.4,28.0,0.69,5.1,17.81
tomato,Chennai,31.2,26.9,0.75,5.9,13.9
onion,Chennai,19.9,25.2,0.7,3.8,19.93
tomato,Hyderabad,29.5,36.1,0.83,7.7,10.96
wheat,Bangalore,12.5,28.5,0.77,6.6,15.84
wheat,Bangalore,11.3,42.4,0.97,2.8,16.25
wheat,Bangalore,25.7,32.0,0.88,4.2,23.62
wheat,Bangalore,37.5,43.6,0.62,3.8,23.73
tomato,Chennai,15.6,26.2,0.74,5.1,6.58
tomato,Bangalore,14.0,12.7,0.98,3.9,17.05
tomato,Hyderabad,37.6,12.9,0.95,4.9,21.8
onion,Bangalore,24.4,44.5,0.75,6.2,8.34
tomato,Chennai,34.9,29.9,0.63,1.3,17.87
tomato,Hyderabad,32.5,42.0,0.83,6.1,9.53
onion,Chennai,21.3,18.4,0.68,2.8,18.21
tomato,Bangalore,32.7,11.6,0.71,1.2,21.5
onion,Chennai,24.3,39.1,0.72,6.7,12.55
wheat,Hyderabad,22.6,37.5,0.86,6.6,19.26
wheat,Chennai,28.5,44.3,0.84,5.5,15.42
onion,Bangalore,25.4,37.4,0.76,5.4,14.1
wheat,Bangalore,38.5,15.1,0.97,4.4,29.91
onion,Chennai,24.8,21.5,0.85,2.7,17.83
wheat,Hyderabad,13.9,14.5,0.66,2.0,21.2
tomato,Hyderabad,36.2,28.0,0.99,5.2,18.4
wheat,Hyderabad,34.7,22.1,0.74,1.2,31.79
onion,Chennai,20.9,27.6,0.88,1.3,24.19
tomato,Hyderabad,28.8,12.9,0.95,7.4,17.51
tomato,Bangalore,27.9,44.5,0.81,7.5,6.69
onion,Chennai,32.8,28.6,0.89,1.4,24.38
wheat,Hyderabad,10.9,40.4,0.74,3.8,14.74
tomato,Hyderabad,21.3,10.7,0.73,2.5,17.23
tomato,Bangalore,27.8,33.8,0.92,4.5,12.61
wheat,Hyderabad,32.1,29.5,0.83,5.0,19.98
onion,Chennai,17.3,27.4,0.73,7.5,10.26
tomato,Chennai,16.8,22.8,0.8,7.0,10.95
wheat,Hyderabad,34.5,19.0,0.67,5.7,27.13
tomato,Chennai,26.7,30.0,0.71,6.4,10.24
wheat,Bangalore,32.1,28.5,0.88,6.4,20.46
onion,Bangalore,25.2,42.6,0.73,5.2,10.72
tomato,Hyderabad,26.5,17.1,0.87,1.6,15.7
wheat,Bangalore,10.1,14.1,0.79,5.2,20.11
tomato,Chennai,32.4,24.3,0.97,7.9,15.43
onion,Hyderabad,12.0,35.9,0.83,6.9,10.16
onion,Chennai,34.8,16.5,0.69,5.4,21.66
onion,Bangalore,36.3,23.7,0.93,4.1,21.92
onion,Bangalore,32.4,27.6,0.69,7.3,12.51
wheat,Chennai,26.3,41.7,0.85,1.8,20.55
onion,Hyderabad,36.4,27.3,0.9,5.0,22.41
tomato,Chennai,32.6,34.7,0.91,2.0,17.73
tomato,Hyderabad,32.6,13.6,0.81,3.7,19.06
tomato,Hyderabad,33.9,15.2,0.69,6.1,19.85
wheat,Chennai,17.6,22.1,0.67,7.4,20.7
onion,Chennai,22.0,26.2,0.98,2.1,20.53
tomato,Bangalore,10.5,40.5,0.97,5.0,11.37
tomato,Bangalore,31.2,15.3,0.83,5.2,21.94
tomato,Chennai,37.3,14.3,0.69,2.2,21.52
onion,Hyderabad,37.6,40.4,0.81,5.1,15.91
tomato,Chennai,34.1,10.2,0.73,3.8,21.48
tomato,Chennai,37.6,22.1,0.74,6.2,14.34
wheat,Hyderabad,17.4,30.2,0.67,1.2,19.85
tomato,Bangalore,33.4,19.7,0.69,2.5,20.34
tomato,Bangalore,26.7,40.1,0.81,2.3,12.26
wheat,Bangalore,19.3,23.9,0.77,6.6,18.27
tomato,Bangalore,21.3,39.3,0.83,3.1,6.13
wheat,Hyderabad,25.8,28.7,0.79,4.5,20.8
tomato,Hyderabad,38.4,23.1,0.71,5.5,18.12
tomato,Hyderabad,39.4,39.4,0.95,3.9,12.54
wheat,Hyderabad,25.2,30.8,0.74,5.0,20.61
wheat,Bangalore,26.7,35.2,0.92,7.9,20.34
tomato,Chennai,16.1,20.3,0.96,1.1,17.69
wheat,Bangalore,16.2,10.9,0.67,5.1,24.61
wheat,Bangalore,20.3,19.1,0.75,5.1,21.59
tomato,Bangalore,22.3,29.3,0.77,3.1,15.23
tomato,Chennai,10.7,19.4,0.82,5.4,11.07
wheat,Bangalore,14.2,39.2,0.99,4.7,14.83
wheat,Chennai,37.4,14.1,0.83,2.9,29.28
tomato,Bangalore,29.5,39.0,0.68,1.1,14.1
tomato,Bangalore,24.8,30.1,0.94,3.8,16.14
onion,Chennai,22.7,22.4,0.98,2.3,21.65
tomato,Bangalore,35.1,25.3,0.97,6.1,16.65
wheat,Chennai,24.3,33.2,0.97,6.1,20.68
wheat,Bangalore,24.9,30.9,0.73,6.4,15.65
tomato,Bangalore,12.3,35.5,0.8,5.8,5.0
wheat,Chennai,34.0,34.3,0.71,5.1,20.45
wheat,Bangalore,12.7,42.1,0.65,7.7,7.56
onion,Hyderabad,32.0,38.2,0.86,5.8,15.37
onion,Bangalore,37.1,32.6,0.88,1.4,22.09
wheat,Bangalore,15.4,29.9,0.97,1.2,21.9
tomato,Hyderabad,18.9,42.4,0.99,7.6,8.27
wheat,Hyderabad,19.6,39.0,0.61,5.2,14.76
wheat,Bangalore,12.3,34.4,0.74,6.1,13.76
tomato,Bangalore,29.8,35.8,0.81,4.0,12.19
onion,Chennai,10.7,40.5,0.61,7.1,7.66
wheat,Hyderabad,39.9,22.3,0.91,3.8,28.98
tomato,Bangalore,27.4,19.5,0.76,1.6,19.39
tomato,Chennai,10.1,26.4,0.72,7.0,5.0
onion,Chennai,27.7,19.7,0.96,1.3,23.83
wheat,Chennai,33.9,19.1,0.84,7.9,22.61
wheat,Chennai,28.0,41.6,1.0,6.2,17.83
tomato,Hyderabad,16.9,39.1,0.65,1.3,8.06
tomato,Chennai,11.1,43.5,0.93,6.6,5.0
tomato,Hyderabad,27.9,28.4,0.7,4.6,14.74
onion,Chennai,39.9,41.4,0.79,5.4,12.68
wheat,Bangalore,36.7,43.4,0.94,6.7,17.74
tomato,Bangalore,32.1,19.8,0.7,1.0,19.77
onion,Chennai,38.9,13.8,0.96,7.9,24.31
onion,Bangalore,24.4,30.7,0.93,3.4,19.5
tomato,Bangalore,36.4,37.9,0.86,7.0,16.05
wheat,Bangalore,20.0,18.4,0.97,1.7,24.28
tomato,Hyderabad,38.8,26.3,0.95,1.0,23.03
wheat,Bangalore,32.3,15.6,0.93,6.8,25.86
tomato,Chennai,19.8,29.6,0.65,3.6,11.23
tomato,Hyderabad,13.9,19.9,0.61,4.0,11.1
wheat,Chennai,32.6,37.6,0.67,6.4,20.82
wheat,Bangalore,33.1,34.8,0.79,1.4,28.35
tomato,Hyderabad,12.0,38.8,0.75,6.7,5.0
wheat,Chennai,10.0,15.6,0.79,7.6,20.77
wheat,Chennai,33.2,18.1,0.65,7.1,24.21
onion,Bangalore,38.3,24.7,0.86,3.8,25.19
wheat,Chennai,16.4,11.1,0.86,3.6,24.68
wheat,Hyderabad,39.0,16.5,0.95,6.4,29.64
wheat,Hyderabad,33.9,20.3,0.96,7.8,25.75
onion,Hyderabad,24.4,14.1,0.65,5.8,16.85
tomato,Hyderabad,29.5,21.4,0.84,4.0,16.8
tomato,Bangalore,10.3,12.5,0.76,4.4,10.43
tomato,Bangalore,35.8,37.3,0.62,4.4,14.48
tomato,Bangalore,13.1,30.0,0.61,4.4,7.05
onion,Bangalore,25.5,13.1,0.74,1.2,22.1
onion,Chennai,19.7,44.2,0.68,5.9,9.94
tomato,Hyderabad,36.9,30.8,0.85,5.3,16.13
tomato,Chennai,38.1,43.2,0.85,6.5,10.91
wheat,Chennai,34.5,25.8,0.86,4.7,30.03
onion,Chennai,12.4,12.1,0.7,2.1,19.16
wheat,Chennai,20.1,16.4,0.92,5.6,24.17
wheat,Chennai,10.6,32.9,0.73,4.8,13.4
wheat,Hyderabad,16.6,24.6,0.68,6.9,17.35
tomato,Chennai,38.8,24.6,0.94,5.4,20.54
onion,Bangalore,25.4,30.6,0.61,3.8,17.84
onion,Hyderabad,37.0,24.8,0.71,5.1,23.98
wheat,Bangalore,13.9,35.1,0.96,2.3,21.6
onion,Chennai,25.4,24.5,0.63,4.1,17.59
onion,Hyderabad,20.8,30.8,0.67,3.7,13.51
tomato,Chennai,35.7,10.3,0.84,5.2,18.87
wheat,Hyderabad,36.5,25.5,0.73,4.1,24.49
onion,Bangalore,22.9,18.7,0.85,5.9,18.09
tomato,Hyderabad,32.1,33.2,0.79,6.9,11.37
wheat,Hyderabad,26.7,28.9,0.61,7.9,17.27
onion,Bangalore,29.2,17.9,0.67,1.6,22.43
tomato,Bangalore,27.5,34.1,0.76,4.4,9.21
wheat,Chennai,20.3,28.6,0.65,1.9,22.06
onion,Chennai,32.0,15.7,0.68,6.1,20.33
wheat,Chennai,17.7,33.2,0.99,3.6,18.42
onion,Chennai,17.3,39.1,0.95,6.4,11.64
tomato,Bangalore,16.5,33.1,0.76,5.6,7.8
onion,Chennai,29.7,45.0,0.62,7.8,12.08
tomato,Bangalore,27.0,35.8,0.95,3.8,12.69
onion,Chennai,23.1,41.5,0.95,3.2,14.17
onion,Chennai,29.5,21.5,0.85,5.3,22.39
wheat,Bangalore,21.4,29.2,0.84,4.8,19.43
wheat,Hyderabad,15.1,32.5,0.9,4.5,17.72
tomato,Chennai,38.5,39.7,0.97,6.7,10.04
wheat,Hyderabad,32.9,38.5,0.89,7.7,19.06
tomato,Bangalore,15.9,10.3,0.86,7.3,14.42
wheat,Bangalore,24.4,16.8,0.67,5.3,23.09
tomato,Chennai,19.2,38.1,0.82,3.2,12.91
tomato,Bangalore,22.4,14.3,0.67,5.8,16.61
onion,Hyderabad,25.8,34.8,0.64,5.0,17.16
tomato,Bangalore,29.0,43.3,0.84,6.7,8.41
onion,Bangalore,33.8,32.6,0.67,3.5,19.11
tomato,Chennai,17.7,20.6,0.89,7.0,12.65
wheat,Chennai,34.3,36.8,0.66,4.0,20.33
onion,Bangalore,16.5,13.4,0.61,5.5,16.24
wheat,Hyderabad,17.0,23.7,0.84,4.5,19.02
onion,Bangalore,31.5,34.2,1.0,1.9,24.13
wheat,Chennai,20.1,41.7,0.91,2.9,20.16
tomato,Bangalore,16.8,22.4,0.63,4.6,15.0
onion,Bangalore,12.1,32.4,0.71,5.1,9.05
onion,Hyderabad,15.7,11.8,0.75,3.5,21.51
wheat,Chennai,23.4,21.7,0.83,1.6,25.63
wheat,Bangalore,15.1,24.3,0.77,6.8,18.4
tomato,Hyderabad,37.8,18.2,0.76,2.1,24.41
tomato,Chennai,17.7,37.6,0.95,5.3,8.99
onion,Chennai,11.9,14.1,0.69,3.4,14.89
tomato,Bangalore,25.3,38.9,0.71,7.6,5.0
onion,Hyderabad,14.9,37.5,0.83,5.0,11.46
tomato,Chennai,26.2,32.0,0.87,4.7,7.96
onion,Chennai,14.2,17.4,0.93,3.3,20.63
onion,Bangalore,24.4,21.0,0.84,2.0,21.94
onion,Chennai,15.2,27.6,0.76,2.0,15.21
onion,Bangalore,17.0,12.8,0.91,1.9,22.06
tomato,Hyderabad,25.2,25.4,0.64,5.5,13.69
wheat,Hyderabad,21.6,29.8,0.68,2.5,18.26
onion,Hyderabad,32.6,31.7,0.72,4.0,17.17
wheat,Bangalore,25.3,44.9,0.93,5.3,18.34
tomato,Chennai,22.8,14.6,0.95,4.1,17.06
onion,Chennai,15.3,23.5,0.99,2.7,16.11
onion,Hyderabad,22.6,37.7,0.83,5.8,13.97
tomato,Bangalore,35.0,32.0,0.68,1.5,14.63
tomato,Hyderabad,18.0,32.6,0.8,2.9,10.54
onion,Hyderabad,21.3,23.8,0.78,6.5,17.06
tomato,Bangalore,38.7,37.5,0.73,5.8,10.04
onion,Chennai,11.2,41.6,0.78,5.5,7.6
onion,Hyderabad,23.5,17.9,0.96,4.2,21.22
tomato,Bangalore,32.4,33.1,0.92,1.7,17.65
tomato,Bangalore,25.3,23.6,0.78,7.9,10.84
onion,Bangalore,26.5,39.1,0.63,4.0,16.4
wheat,Bangalore,18.9,36.9,0.85,3.7,17.3
onion,Chennai,12.1,43.6,0.79,7.3,6.17
onion,Bangalore,13.8,26.6,0.65,4.4,13.78
onion,Hyderabad,11.3,13.9,0.84,1.7,21.79
wheat,Chennai,23.2,31.5,0.98,2.7,21.99
onion,Bangalore,29.4,20.0,0.93,7.0,19.39
tomato,Bangalore,26.3,32.3,0.69,7.8,10.01
wheat,Hyderabad,19.6,36.4,0.71,4.8,19.8
tomato,Chennai,13.2,34.0,0.64,7.8,5.0
tomato,Chennai,26.3,30.7,0.8,3.1,14.16
wheat,Hyderabad,30.7,40.6,0.85,6.3,18.02
tomato,Bangalore,36.4,19.7,0.68,7.2,14.11
onion,Hyderabad,19.3,36.0,0.93,5.3,11.54
tomato,Chennai,35.4,39.4,0.93,1.1,19.72
tomato,Chennai,32.8,33.7,0.9,6.9,13.27
onion,Hyderabad,23.5,35.3,0.95,5.2,8.56
tomato,Chennai,22.4,34.3,0.6,5.3,11.28
tomato,Hyderabad,36.2,27.9,0.89,1.7,18.52
onion,Hyderabad,31.1,11.8,0.79,5.2,22.97
wheat,Bangalore,29.1,15.2,0.88,6.2,25.79
onion,Chennai,16.3,38.9,0.81,3.6,13.1
tomato,Chennai,21.1,12.2,0.92,6.4,15.16
tomato,Chennai,29.3,24.7,0.85,6.5,14.03
onion,Hyderabad,32.2,43.3,0.68,5.0,12.08
onion,Chennai,15.0,34.5,0.83,5.1,13.11
wheat,Bangalore,11.7,39.8,0.69,3.6,14.38
tomato,Bangalore,23.1,42.8,0.88,5.4,8.43
onion,Bangalore,14.8,31.4,0.65,6.3,11.43
tomato,Bangalore,12.1,12.0,0.71,2.8,15.94
onion,Chennai,22.9,39.6,0.71,2.1,14.32
wheat,Chennai,37.2,14.9,0.81,3.9,31.15
onion,Hyderabad,38.9,29.6,0.97,1.4,24.18
onion,Bangalore,24.8,44.3,0.66,6.1,9.34
wheat,Bangalore,38.4,43.9,0.67,1.2,20.55
tomato,Hyderabad,17.5,39.8,0.82,4.7,7.15
onion,Bangalore,26.3,12.9,0.78,4.4,22.72
tomato,Bangalore,38.4,39.7,0.87,4.2,18.14
onion,Hyderabad,25.4,38.2,0.78,1.4,14.89
wheat,Bangalore,16.0,19.1,0.67,3.3,21.89
tomato,Hyderabad,36.4,40.5,0.7,4.2,16.07
onion,Chennai,26.7,29.3,0.64,3.4,16.0
wheat,Chennai,21.2,25.8,0.76,1.7,20.0
tomato,Hyderabad,15.9,16.5,0.64,3.5,12.41
wheat,Bangalore,21.9,42.0,0.81,2.1,20.22
onion,Chennai,19.5,40.0,0.96,2.9,13.38
tomato,Hyderabad,19.4,38.0,0.99,7.0,6.93
tomato,Hyderabad,25.2,43.8,0.77,7.9,8.18
onion,Chennai,22.8,15.7,0.61,4.9,21.9
tomato,Bangalore,34.7,17.3,0.75,7.8,14.15
onion,Chennai,13.3,36.6,1.0,7.3,8.33
tomato,Bangalore,17.6,38.7,0.95,4.7,7.94
onion,Chennai,31.6,24.7,0.96,6.2,19.49
onion,Chennai,28.4,25.2,0.83,6.2,19.06
wheat,Hyderabad,10.9,35.9,0.64,3.2,15.77
wheat,Hyderabad,15.0,32.9,1.0,1.5,20.15
onion,Bangalore,16.5,22.6,0.63,6.3,12.86
tomato,Chennai,32.8,41.6,0.69,6.7,11.1
wheat,Hyderabad,15.1,23.6,0.75,2.6,21.76
tomato,Chennai,21.4,44.2,0.64,4.0,6.62
tomato,Hyderabad,39.2,38.9,0.88,6.9,13.9
tomato,Hyderabad,28.6,29.6,0.85,4.7,12.69
onion,Bangalore,26.2,13.4,0.7,1.1,28.55
tomato,Chennai,28.0,20.4,0.72,6.2,15.68
onion,Chennai,36.8,16.5,0.63,2.7,26.73
tomato,Chennai,22.9,19.4,0.92,5.0,13.28
tomato,Hyderabad,24.7,35.8,0.81,1.2,15.3
wheat,Bangalore,11.9,43.5,0.61,5.9,8.48
wheat,Chennai,14.9,16.0,0.98,4.1,23.25
tomato,Bangalore,29.2,33.7,0.65,2.6,11.87
wheat,Hyderabad,39.5,19.4,0.76,7.2,24.15
onion,Bangalore,11.2,31.1,0.96,2.7,9.85
tomato,Bangalore,28.7,26.4,0.78,4.3,12.02
tomato,Bangalore,26.1,39.9,0.62,6.8,6.35
wheat,Bangalore,23.2,17.6,0.76,1.3,27.91
tomato,Bangalore,34.5,20.0,0.93,4.7,19.74
wheat,Bangalore,30.3,11.6,0.78,7.5,27.47
tomato,Bangalore,21.7,35.5,0.95,5.7,11.89
tomato,Bangalore,31.6,43.4,0.89,7.0,7.02
onion,Hyderabad,31.5,39.0,0.62,7.1,14.6
tomato,Hyderabad,29.9,13.2,0.84,4.8,16.94
tomato,Bangalore,22.1,21.2,0.9,3.9,18.42
wheat,Hyderabad,28.0,27.6,0.66,1.8,26.45
wheat,Hyderabad,31.7,14.2,0.96,1.5,28.76
tomato,Bangalore,22.7,20.3,0.79,5.0,14.85
onion,Bangalore,13.7,29.6,0.74,6.1,13.92
onion,Hyderabad,22.9,33.6,0.71,3.1,16.6
onion,Chennai,23.4,37.9,0.93,7.0,12.54
wheat,Chennai,21.1,11.0,0.76,4.7,26.66
onion,Bangalore,29.4,11.6,0.9,7.6,22.32
onion,Hyderabad,20.2,12.5,0.76,3.2,17.32
onion,Bangalore,25.9,39.5,0.83,4.9,14.26
tomato,Chennai,11.2,11.1,0.76,2.1,16.9
onion,Chennai,32.7,26.0,0.72,7.3,19.04
onion,Bangalore,39.5,20.1,0.98,3.7,25.29
tomato,Chennai,26.2,15.4,0.82,4.8,18.83
wheat,Hyderabad,19.1,19.1,0.68,1.4,25.14
onion,Hyderabad,18.1,43.8,0.82,3.4,9.53
wheat,Bangalore,28.8,27.1,0.76,8.0,20.38
onion,Chennai,27.1,31.7,0.68,3.8,16.82
onion,Hyderabad,14.0,30.8,0.84,3.5,13.29
wheat,Chennai,13.9,37.7,0.65,6.6,13.97
onion,Bangalore,38.5,28.0,0.64,6.3,18.42
onion,Hyderabad,19.1,27.2,0.81,4.9,19.83
tomato,Hyderabad,27.3,40.3,0.99,3.9,9.86
wheat,Hyderabad,32.9,30.1,0.98,2.4,28.36
wheat,Hyderabad,36.5,25.7,0.8,5.4,24.55
wheat,Hyderabad,10.6,26.7,0.88,6.1,15.22
onion,Bangalore,20.8,38.2,0.71,2.5,15.09
tomato,Chennai,10.3,44.9,0.87,6.8,5.0
tomato,Hyderabad,14.3,36.4,0.91,5.6,8.56
wheat,Bangalore,35.4,31.5,0.64,4.4,22.33
onion,Hyderabad,12.0,22.2,0.64,6.7,11.18
tomato,Chennai,10.2,13.5,0.95,5.8,12.99
onion,Chennai,31.3,33.3,0.68,7.0,11.82
wheat,Hyderabad,37.9,24.2,0.96,3.3,25.4
tomato,Chennai,39.4,31.1,0.74,5.5,15.44
onion,Hyderabad,36.7,27.6,0.78,5.1,19.22
onion,Chennai,23.9,18.2,0.72,3.0,21.19
onion,Hyderabad,13.6,42.1,0.89,3.8,12.05
tomato,Bangalore,19.5,10.0,0.8,1.3,21.45
onion,Chennai,36.9,30.4,0.79,3.4,21.52
onion,Chennai,36.8,25.2,0.96,3.6,21.44
wheat,Bangalore,13.5,11.5,0.83,7.5,21.67
wheat,Hyderabad,17.6,40.6,0.67,2.9,17.78
wheat,Bangalore,30.3,43.0,0.71,4.3,18.15
wheat,Bangalore,24.3,13.9,0.85,6.4,22.38
tomato,Hyderabad,33.0,24.6,0.93,7.0,16.99
wheat,Chennai,36.4,17.6,0.87,5.3,25.6
onion,Bangalore,14.1,32.8,0.9,3.2,12.01
onion,Chennai,27.4,13.0,0.62,5.7,23.97
tomato,Chennai,33.5,29.0,0.64,5.8,14.3
onion,Chennai,31.3,43.2,0.61,6.2,12.01
onion,Bangalore,37.2,19.3,0.89,7.1,21.96
tomato,Hyderabad,33.2,37.1,0.81,7.8,9.66
wheat,Chennai,10.5,37.0,0.92,1.8,19.29
onion,Hyderabad,20.4,23.0,0.6,3.1,16.07
tomato,Hyderabad,36.4,33.6,0.82,6.8,10.38
tomato,Chennai,14.6,41.5,0.88,7.6,5.96
onion,Bangalore,32.4,26.6,0.62,7.7,16.57
wheat,Chennai,21.0,17.9,0.68,2.0,25.07
onion,Bangalore,33.4,30.2,0.66,6.7,14.17
wheat,Hyderabad,34.3,43.2,0.73,6.1,21.25
tomato,Hyderabad,11.8,34.1,0.88,7.5,5.0
onion,Bangalore,38.7,28.5,0.7,4.5,20.81
tomato,Chennai,12.3,19.6,0.92,4.2,8.74
onion,Hyderabad,15.0,25.6,0.68,1.3,20.1
tomato,Bangalore,39.4,37.8,0.94,2.7,14.0
tomato,Chennai,27.8,12.6,0.85,7.9,17.5
wheat,Bangalore,37.2,43.0,0.98,4.7,21.48
wheat,Chennai,29.2,33.3,0.67,5.0,17.51
onion,Bangalore,25.0,10.4,0.6,3.5,19.88
onion,Hyderabad,31.9,13.3,0.77,1.2,27.63
wheat,Bangalore,10.0,41.5,0.66,7.9,9.35
tomato,Bangalore,24.4,32.2,0.64,1.2,14.93
wheat,Bangalore,23.3,19.6,0.85,7.9,23.53
onion,Bangalore,17.2,16.7,0.97,1.7,17.95
onion,Hyderabad,16.6,11.4,0.61,2.2,19.87
tomato,Bangalore,31.6,29.7,0.77,3.3,17.13
wheat,Hyderabad,14.3,25.1,0.96,6.9,21.05
wheat,Chennai,36.7,29.1,0.68,2.8,24.27
wheat,Hyderabad,11.0,32.3,0.75,3.1,16.62
wheat,Hyderabad,35.1,21.6,0.88,6.4,27.45
onion,Hyderabad,25.5,26.2,0.62,3.0,17.93
tomato,Chennai,26.0,30.7,0.62,3.5,14.04
tomato,Chennai,16.0,17.1,0.6,4.1,12.05
wheat,Hyderabad,29.2,24.6,0.9,5.3,21.87
onion,Chennai,34.5,18.8,0.71,1.9,21.9
onion,Bangalore,26.3,15.2,0.75,3.9,20.98
onion,Chennai,10.6,19.4,0.81,2.9,16.45
tomato,Hyderabad,31.4,36.6,0.64,4.6,16.43
tomato,Hyderabad,21.1,42.7,0.93,5.9,6.97
tomato,Hyderabad,30.8,35.5,0.94,2.9,18.72
wheat,Bangalore,15.9,22.1,0.73,7.8,18.34
wheat,Bangalore,38.4,27.4,0.75,2.1,28.87
onion,Bangalore,10.8,39.4,0.6,5.9,7.38
wheat,Bangalore,34.5,29.1,0.99,1.4,28.56
tomato,Bangalore,31.6,40.2,0.67,6.6,5.05
wheat,Hyderabad,36.0,15.5,0.72,3.0,31.45
onion,Hyderabad,25.0,12.5,0.73,7.5,16.59
tomato,Bangalore,10.6,23.7,0.68,3.9,11.59
onion,Bangalore,22.9,40.7,0.84,2.7,13.38
tomato,Hyderabad,30.3,12.5,0.68,3.7,19.23
tomato,Bangalore,33.5,35.7,0.65,6.5,12.21
tomato,Chennai,38.2,42.0,0.6,4.2,15.04
onion,Bangalore,13.1,29.2,0.99,4.9,15.1
tomato,Hyderabad,25.6,12.6,0.84,4.6,15.88
wheat,Chennai,18.6,33.0,0.99,5.2,18.47
onion,Hyderabad,28.7,32.7,0.71,1.1,19.73
wheat,Chennai,17.5,33.7,0.88,5.3,15.19
onion,Bangalore,15.2,14.1,0.78,5.3,16.15
wheat,Chennai,38.2,10.2,0.91,5.4,29.73
tomato,Bangalore,21.6,42.8,0.82,7.6,5.4
onion,Bangalore,35.2,16.6,0.87,7.8,19.99
wheat,Bangalore,37.4,25.2,0.7,4.0,25.58
tomato,Hyderabad,10.3,30.6,0.85,5.5,9.41
wheat,Bangalore,34.6,11.8,0.96,1.2,30.92
tomato,Bangalore,10.5,12.7,0.96,3.5,12.72
tomato,Hyderabad,27.8,23.0,0.73,7.2,12.54
wheat,Hyderabad,24.8,19.9,0.91,3.8,21.78
wheat,Chennai,18.7,37.0,0.77,2.4,18.59
wheat,Bangalore,20.0,40.3,0.97,7.0,17.3
wheat,Chennai,22.8,25.5,0.86,7.6,19.04
onion,Chennai,25.0,37.5,0.84,2.4,13.24
wheat,Chennai,10.8,17.4,0.71,6.0,21.98
onion,Chennai,22.3,42.3,0.64,4.6,13.07
wheat,Hyderabad,13.3,20.1,0.72,2.7,23.22
onion,Hyderabad,17.6,36.0,0.63,7.1,8.81
wheat,Bangalore,19.8,22.4,0.8,7.6,20.3
tomato,Bangalore,13.1,23.7,0.82,4.5,12.04
onion,Hyderabad,35.1,40.1,0.9,4.1,17.23
onion,Bangalore,14.8,33.6,0.67,5.9,10.08
tomato,Hyderabad,10.1,35.2,0.89,4.6,6.76
onion,Chennai,12.5,10.7,0.67,7.2,14.54
wheat,Chennai,25.6,31.3,0.7,1.4,20.04
onion,Hyderabad,17.0,17.7,0.98,5.3,14.47
onion,Bangalore,26.2,34.4,0.88,2.2,21.1
onion,Chennai,22.4,40.5,0.85,4.7,13.6
tomato,Bangalore,23.2,44.3,0.8,1.8,8.41
onion,Bangalore,30.4,37.1,0.98,6.4,17.98
wheat,Bangalore,22.2,41.0,0.69,6.0,15.55
tomato,Chennai,31.7,28.7,0.93,6.7,14.19
wheat,Chennai,33.7,25.8,0.67,7.0,24.48
tomato,Hyderabad,24.0,12.6,0.76,6.6,15.75
onion,Chennai,21.7,29.0,0.99,1.5,19.88
tomato,Bangalore,12.2,23.1,0.92,4.0,10.07
onion,Chennai,21.2,12.4,0.75,4.2,19.54
wheat,Chennai,20.5,42.5,0.75,6.8,12.87
wheat,Chennai,33.2,29.2,0.63,6.4,23.17
onion,Chennai,33.5,36.3,0.92,4.6,18.99
tomato,Hyderabad,15.1,16.8,0.96,6.2,11.7
tomato,Hyderabad,28.2,25.2,0.91,7.0,17.16
onion,Bangalore,31.5,19.5,0.68,3.2,22.84
tomato,Hyderabad,35.8,40.4,0.89,6.2,16.35
onion,Hyderabad,34.7,33.1,0.92,2.9,23.7
onion,Bangalore,17.9,42.9,0.85,3.3,10.59
onion,Chennai,16.6,30.8,0.71,5.6,11.43
wheat,Hyderabad,33.3,36.6,0.68,1.6,21.07
tomato,Bangalore,17.8,11.2,0.95,2.7,21.6
tomato,Chennai,30.0,21.3,0.96,7.2,17.13
tomato,Chennai,12.8,36.2,0.93,5.9,6.4
onion,Hyderabad,40.0,21.4,0.9,6.6,20.81
wheat,Hyderabad,35.5,24.2,0.61,1.6,26.47
tomato,Hyderabad,10.5,10.6,0.97,5.9,12.67
wheat,Chennai,26.9,31.9,0.95,5.1,20.5
tomato,Bangalore,29.1,35.7,0.87,2.0,18.2
wheat,Hyderabad,37.9,22.0,0.81,2.5,32.6
wheat,Bangalore,39.4,32.7,0.92,6.0,22.75
wheat,Bangalore,30.2,33.7,0.75,7.6,18.83
tomato,Bangalore,11.6,32.5,0.99,1.5,14.89
wheat,Bangalore,15.4,34.7,0.78,5.7,16.27
tomato,Chennai,15.1,10.7,0.91,5.3,17.48
onion,Chennai,37.3,32.4,0.98,7.2,19.83
onion,Bangalore,35.0,32.5,0.63,6.2,17.19
tomato,Chennai,12.5,31.2,0.95,7.2,5.89
onion,Hyderabad,16.3,40.2,0.95,2.4,12.07
wheat,Bangalore,39.9,11.1,0.96,5.4,33.32
wheat,Bangalore,24.0,39.7,0.62,3.3,18.25
onion,Bangalore,12.6,23.5,0.63,2.5,16.32
onion,Hyderabad,24.1,19.4,0.64,2.2,17.3
wheat,Chennai,28.9,17.7,0.61,6.8,21.86
tomato,Bangalore,19.1,44.1,0.67,7.3,5.56
onion,Bangalore,24.4,37.3,0.72,3.2,18.1
onion,Hyderabad,12.5,26.1,0.72,6.8,11.81
tomato,Chennai,31.8,30.1,0.87,6.4,12.47
wheat,Chennai,19.4,28.8,0.94,7.9,17.09
wheat,Bangalore,24.7,36.0,0.8,4.4,20.78
wheat,Hyderabad,13.5,38.0,0.65,5.9,13.91
tomato,Bangalore,38.5,16.1,0.83,5.1,15.59
onion,Chennai,29.3,18.0,0.82,3.6,20.85
onion,Bangalore,18.4,17.7,0.67,6.8,16.83
onion,Bangalore,27.3,29.6,0.75,6.5,15.2
wheat,Hyderabad,27.2,21.8,1.0,1.2,29.32
wheat,Chennai,25.6,28.3,0.84,6.3,23.1
tomato,Bangalore,17.0,19.3,0.82,2.4,18.84
onion,Chennai,38.5,43.1,0.84,7.5,15.76
tomato,Bangalore,33.2,34.6,0.85,6.3,15.53
wheat,Bangalore,31.1,42.7,0.75,6.0,21.5
onion,Bangalore,11.4,32.6,0.69,5.7,9.85
onion,Hyderabad,13.7,31.9,0.71,7.0,11.72
tomato,Hyderabad,24.0,37.1,0.97,2.3,14.72
wheat,Chennai,30.9,31.4,0.68,1.4,27.84
tomato,Chennai,30.3,29.8,0.97,3.7,17.95
onion,Chennai,10.6,38.9,0.81,6.4,7.0
tomato,Bangalore,38.8,33.4,0.97,2.9,15.98
tomato,Chennai,30.4,21.1,0.94,7.6,16.17
onion,Bangalore,18.4,43.7,0.6,6.0,9.5
tomato,Hyderabad,23.1,37.8,0.71,2.0,13.15
onion,Chennai,39.8,28.9,0.99,7.6,19.44
onion,Chennai,11.9,13.2,0.67,5.2,16.81
onion,Chennai,11.8,41.7,0.86,2.9,5.08
wheat,Hyderabad,18.8,14.0,0.98,6.5,25.52
onion,Hyderabad,22.1,41.0,0.96,7.4,11.16
wheat,Hyderabad,13.2,25.4,0.89,7.6,18.87
onion,Bangalore,32.0,28.6,0.72,4.4,19.55
onion,Chennai,27.9,25.2,0.67,1.8,22.37
wheat,Hyderabad,29.8,42.6,0.93,5.0,19.16
wheat,Hyderabad,22.3,29.6,0.98,1.6,25.24
onion,Bangalore,12.3,22.7,0.64,5.1,12.4
tomato,Bangalore,36.9,37.4,0.88,5.3,13.33
wheat,Chennai,33.7,36.2,0.82,2.7,24.17
onion,Chennai,17.8,43.9,0.77,3.4,10.42
tomato,Hyderabad,27.2,14.8,0.88,7.3,20.12
wheat,Bangalore,12.3,41.4,0.92,2.1,16.46
tomato,Bangalore,35.0,22.5,0.97,5.0,17.51
onion,Hyderabad,14.2,30.2,0.9,6.5,10.92
onion,Bangalore,38.0,33.9,0.81,1.2,21.0
tomato,Chennai,22.2,15.6,0.86,7.8,17.56
tomato,Hyderabad,22.5,14.1,0.85,7.6,15.75
wheat,Bangalore,29.4,18.1,0.87,7.6,23.54
tomato,Bangalore,37.0,43.7,0.78,6.3,10.27
onion,Chennai,26.1,19.7,0.69,3.0,19.91
onion,Bangalore,16.6,28.1,0.88,1.7,17.82
wheat,Hyderabad,17.9,21.0,0.93,1.4,20.29
tomato,Bangalore,18.6,13.2,0.73,1.3,16.8
tomato,Bangalore,21.9,25.5,0.96,5.6,12.59
tomato,Hyderabad,25.0,25.2,0.7,4.8,12.95
tomato,Bangalore,37.0,17.5,0.95,4.9,21.92
wheat,Bangalore,31.9,22.1,0.87,6.6,25.69
onion,Bangalore,22.0,37.4,0.71,7.9,10.62
wheat,Chennai,30.6,14.2,0.98,2.3,29.49
wheat,Bangalore,16.7,20.8,0.82,3.9,21.1
wheat,Bangalore,33.9,35.3,0.88,3.4,22.64
wheat,Bangalore,11.6,15.6,0.73,1.5,24.44
onion,Bangalore,19.1,19.3,0.71,2.9,18.06
tomato,Chennai,37.8,17.5,0.77,1.1,23.92
onion,Bangalore,33.6,20.7,0.62,5.1,22.01
tomato,Hyderabad,10.2,12.2,0.81,5.0,12.4
wheat,Chennai,15.8,13.3,0.76,2.1,25.61
wheat,Bangalore,19.5,19.1,0.64,1.6,20.96
wheat,Chennai,32.6,11.8,0.8,4.1,30.65
wheat,Hyderabad,21.8,28.5,0.66,5.0,20.39
tomato,Bangalore,18.0,22.6,0.76,5.8,13.22
tomato,Chennai,11.0,23.7,0.88,2.4,10.15
onion,Hyderabad,18.9,18.0,0.76,2.7,21.45
wheat,Hyderabad,34.8,33.6,0.93,3.8,25.09
tomato,Chennai,30.1,19.5,0.63,7.9,12.44
onion,Hyderabad,39.7,44.2,0.92,5.6,18.95
wheat,Hyderabad,24.0,31.7,0.76,4.0,20.75
tomato,Chennai,10.7,25.0,0.71,1.9,12.08
wheat,Chennai,17.6,26.5,0.8,2.4,19.74
wheat,Bangalore,33.0,18.9,0.95,1.7,31.53
wheat,Chennai,36.7,43.0,0.91,1.0,24.81
onion,Chennai,21.3,15.0,0.61,4.2,19.02
tomato,Chennai,16.6,12.1,0.65,5.2,15.07
onion,Hyderabad,13.4,44.9,0.67,5.2,5.67
onion,Bangalore,28.7,38.2,0.94,4.4,15.98
onion,Bangalore,30.2,35.3,0.8,5.4,15.25
wheat,Bangalore,27.3,29.7,0.8,1.5,26.6
onion,Bangalore,28.0,21.9,0.97,3.8,22.64
onion,Chennai,33.5,44.8,0.84,3.2,14.88
tomato,Chennai,27.4,18.9,0.9,1.6,19.48
wheat,Chennai,23.3,11.5,0.87,7.3,25.21
wheat,Chennai,13.8,14.4,0.93,7.5,20.43
tomato,Bangalore,36.8,32.6,0.72,3.1,9.92
wheat,Bangalore,10.4,21.3,0.82,2.0,21.48
wheat,Bangalore,21.5,33.3,1.0,2.6,23.42
wheat,Bangalore,19.4,13.4,0.67,7.9,23.55
onion,Hyderabad,36.7,26.2,0.73,4.3,16.28
tomato,Bangalore,24.7,40.1,0.84,5.9,11.6
tomato,Hyderabad,13.6,30.0,0.7,6.6,5.65
wheat,Chennai,39.8,13.2,0.91,5.7,28.57
wheat,Bangalore,33.9,18.1,0.69,4.9,28.28
onion,Hyderabad,24.4,30.5,0.82,1.6,21.34
onion,Hyderabad,29.1,38.7,0.62,4.5,19.0
onion,Chennai,28.0,32.9,0.66,7.8,11.22
wheat,Hyderabad,29.2,26.3,0.68,5.9,21.67
onion,Hyderabad,38.2,28.5,0.89,7.5,20.75
wheat,Chennai,19.2,23.0,0.82,6.5,20.15
onion,Hyderabad,39.1,23.2,0.62,3.4,20.5
onion,Bangalore,13.2,14.0,0.98,7.1,17.17
onion,Bangalore,22.4,23.6,0.86,4.1,17.72
wheat,Bangalore,38.2,32.7,0.98,2.1,27.45
onion,Bangalore,28.1,30.4,0.76,3.4,17.82
onion,Bangalore,28.6,34.4,0.69,1.3,16.6
onion,Bangalore,13.0,14.1,0.7,3.1,22.6
onion,Bangalore,21.9,20.4,0.66,2.1,20.62
wheat,Hyderabad,27.9,12.8,0.98,6.3,28.95
onion,Chennai,24.3,32.1,0.93,6.5,15.91
tomato,Hyderabad,38.2,14.4,0.95,7.8,20.94
onion,Hyderabad,25.5,30.3,0.97,5.7,15.4
tomato,Chennai,34.3,43.3,0.61,7.9,6.51
wheat,Chennai,29.3,23.3,0.62,5.2,21.76
wheat,Chennai,21.5,17.6,0.78,1.3,26.82
onion,Bangalore,25.1,12.4,0.69,7.5,19.94
onion,Bangalore,23.4,10.5,0.7,7.1,19.0
wheat,Hyderabad,24.4,10.7,0.93,6.8,23.08
tomato,Chennai,18.5,39.3,0.82,3.6,9.83
tomato,Hyderabad,27.9,23.5,0.94,7.7,12.79
wheat,Hyderabad,15.8,26.6,0.6,1.2,22.75
wheat,Bangalore,26.7,43.6,0.62,1.7,24.01
onion,Chennai,15.6,28.9,0.86,1.3,16.37
tomato,Bangalore,33.9,36.5,0.87,2.2,15.49
wheat,Hyderabad,30.7,35.5,0.62,7.5,16.95
wheat,Hyderabad,30.1,32.5,0.76,4.4,20.54
tomato,Chennai,39.7,11.4,0.99,4.8,21.13
onion,Chennai,33.9,33.7,0.82,4.3,18.64
wheat,Hyderabad,23.1,32.0,0.86,6.9,20.56
onion,Chennai,31.9,27.1,0.85,6.2,16.57
onion,Hyderabad,10.5,16.8,0.92,2.9,16.98
wheat,Bangalore,15.4,43.5,0.96,5.6,16.86
onion,Bangalore,28.6,29.9,0.62,5.4,12.74
tomato,Bangalore,22.3,22.4,0.72,6.1,16.36
wheat,Hyderabad,27.7,42.9,0.74,2.7,16.71
wheat,Bangalore,16.7,12.4,0.93,2.8,27.0
wheat,Chennai,11.3,34.5,0.73,6.2,11.07
tomato,Bangalore,23.2,21.1,0.96,1.4,17.73
tomato,Chennai,18.6,10.2,0.8,3.0,19.4
wheat,Bangalore,24.1,13.2,0.85,4.9,25.95
tomato,Bangalore,17.6,32.5,0.71,4.5,9.89
onion,Bangalore,34.3,25.0,0.9,7.4,17.51
tomato,Chennai,15.4,19.4,0.68,2.7,14.94
onion,Bangalore,22.8,31.5,0.63,1.6,13.41
onion,Chennai,25.5,17.5,0.71,3.8,23.53
tomato,Chennai,38.0,10.7,0.66,7.2,21.95
wheat,Bangalore,26.9,33.2,0.87,7.5,19.83
wheat,Chennai,11.7,14.8,0.6,7.3,17.29
onion,Bangalore,16.3,24.6,0.74,7.4,13.3
onion,Hyderabad,28.6,38.1,0.63,3.7,14.03
onion,Hyderabad,36.6,15.3,0.66,3.3,24.76
onion,Hyderabad,25.1,20.9,0.77,5.5,19.65
tomato,Hyderabad,21.9,10.2,0.81,7.5,16.54
wheat,Bangalore,19.7,36.8,0.66,5.6,16.43
wheat,Chennai,20.2,12.2,0.79,1.8,25.33
wheat,Chennai,26.4,42.4,0.95,6.5,14.65
tomato,Chennai,30.7,43.1,0.87,3.3,16.51
onion,Hyderabad,13.6,20.9,0.92,7.0,14.92
onion,Hyderabad,38.6,21.5,0.86,6.3,24.13
tomato,Bangalore,31.2,36.0,0.87,2.8,13.92
wheat,Hyderabad,15.1,11.9,0.89,4.3,23.31
tomato,Hyderabad,35.1,29.2,0.68,6.0,16.28
tomato,Hyderabad,28.1,26.1,0.93,6.8,12.76
onion,Hyderabad,31.2,42.3,0.66,3.1,15.93
wheat,Chennai,22.2,41.0,0.62,7.7,15.22
wheat,Hyderabad,28.9,40.2,0.65,7.8,18.35
tomato,Chennai,37.3,17.8,0.62,2.8,18.01
onion,Chennai,23.9,11.2,0.65,3.9,21.99
onion,Hyderabad,17.5,12.6,0.87,5.2,16.46
tomato,Chennai,15.9,38.7,0.86,3.9,5.0
tomato,Chennai,11.4,42.6,0.86,6.2,5.76
tomato,Hyderabad,11.6,17.1,0.77,2.5,13.19
tomato,Hyderabad,37.5,39.5,0.9,2.2,16.86
tomato,Bangalore,13.6,27.9,0.74,3.6,10.77
tomato,Chennai,13.3,11.2,1.0,2.6,17.49
onion,Chennai,20.2,25.5,0.87,4.6,16.27
wheat,Chennai,36.0,10.3,0.91,4.2,30.96
onion,Hyderabad,32.6,18.7,0.82,7.9,20.51
onion,Hyderabad,18.0,28.7,0.94,3.3,14.35
onion,Hyderabad,11.8,17.8,0.75,4.1,16.94
wheat,Chennai,24.8,21.6,0.64,7.7,19.59
tomato,Chennai,19.6,15.8,0.91,1.9,17.7
wheat,Hyderabad,19.8,10.7,0.9,1.3,28.12
tomato,Bangalore,14.2,25.4,0.79,2.5,10.02
tomato,Chennai,25.1,10.5,0.92,7.9,16.98
onion,Chennai,38.6,36.4,0.78,5.1,23.38
onion,Chennai,15.8,25.7,0.93,5.6,18.87
wheat,Bangalore,22.0,37.8,0.69,2.3,16.87
wheat,Chennai,16.3,19.1,0.99,6.1,22.96
wheat,Bangalore,31.2,27.6,0.93,4.6,25.11
onion,Hyderabad,24.3,26.7,0.91,5.4,16.03
tomato,Hyderabad,32.4,38.9,0.88,7.5,14.74
tomato,Bangalore,26.9,33.5,0.97,5.3,13.84
tomato,Chennai,17.3,24.9,0.99,5.6,14.19
wheat,Bangalore,25.8,36.6,0.89,2.4,16.99
wheat,Chennai,36.5,22.0,0.87,1.2,25.25
wheat,Chennai,19.5,12.0,0.84,2.7,24.93
onion,Bangalore,12.7,41.9,0.6,4.4,8.16
onion,Bangalore,20.3,13.9,0.83,5.1,18.09
onion,Hyderabad,18.5,12.8,0.95,6.1,21.31
tomato,Bangalore,19.8,23.0,0.9,3.4,16.87
tomato,Bangalore,17.7,26.3,0.69,6.2,10.3
onion,Bangalore,30.7,19.2,0.85,6.8,16.71
tomato,Hyderabad,31.8,37.9,0.93,7.9,11.61
tomato,Chennai,28.7,36.0,0.92,6.9,9.91
onion,Chennai,30.2,25.8,0.9,3.5,20.87
wheat,Bangalore,16.6,13.9,0.84,4.4,23.35
wheat,Bangalore,21.9,31.5,0.92,3.1,20.77
onion,Bangalore,31.2,18.8,0.78,1.9,25.6
onion,Chennai,14.6,35.5,0.84,6.1,8.7
onion,Chennai,27.2,22.0,0.86,1.5,24.76
onion,Bangalore,21.8,26.6,0.94,3.4,17.62
wheat,Bangalore,12.6,37.2,0.94,2.3,15.24
wheat,Bangalore,26.1,32.2,0.68,2.5,20.93
tomato,Bangalore,35.1,34.7,0.97,6.2,12.05
onion,Chennai,25.8,19.1,0.62,6.1,16.3
tomato,Hyderabad,19.1,28.6,0.83,5.2,10.33
onion,Bangalore,39.1,35.5,0.97,6.3,16.83
onion,Chennai,15.8,33.3,0.85,5.2,19.15
wheat,Bangalore,31.8,38.5,0.7,6.4,16.05
onion,Bangalore,29.7,25.3,0.71,4.9,19.97
wheat,Hyderabad,18.6,35.4,0.93,7.0,15.77
onion,Chennai,37.6,10.4,0.82,6.2,23.61
tomato,Chennai,28.4,18.3,0.79,4.0,17.74
tomato,Chennai,15.8,27.7,0.91,1.4,11.98
onion,Bangalore,11.6,39.2,0.65,1.3,12.14
tomato,Bangalore,17.5,13.5,0.76,5.3,13.92
onion,Chennai,20.5,31.6,0.95,2.6,19.31
wheat,Bangalore,39.0,44.0,0.95,5.2,19.09
wheat,Chennai,23.7,26.9,0.9,3.0,25.27
tomato,Chennai,11.7,27.0,0.97,5.3,6.95
tomato,Hyderabad,35.6,29.6,0.81,1.7,19.07
wheat,Chennai,21.3,31.1,0.63,5.8,17.67
wheat,Chennai,33.0,24.2,0.95,5.5,26.53
onion,Bangalore,18.1,21.1,0.94,4.3,16.55
wheat,Hyderabad,28.8,15.4,0.75,2.5,31.09
onion,Bangalore,11.2,21.4,0.79,2.0,16.65
tomato,Hyderabad,22.8,29.8,0.61,1.2,13.03
onion,Bangalore,19.1,11.3,0.8,3.8,23.98
wheat,Bangalore,39.3,16.5,0.78,4.4,32.16
onion,Chennai,13.0,25.0,0.85,2.5,18.04
wheat,Chennai,11.0,18.2,0.72,3.8,20.73
onion,Hyderabad,16.1,43.4,0.97,1.3,11.74
onion,Bangalore,23.0,40.4,0.67,7.6,6.49
wheat,Bangalore,19.8,36.5,0.76,5.3,19.79
onion,Bangalore,18.7,22.9,0.87,1.8,18.91
wheat,Hyderabad,36.0,30.2,0.87,1.1,29.46
tomato,Hyderabad,22.3,27.7,0.6,5.8,9.34
wheat,Chennai,11.2,22.9,0.99,3.9,22.26
onion,Bangalore,33.9,40.3,0.78,4.3,16.55
onion,Hyderabad,30.9,12.9,0.95,4.4,24.95
wheat,Hyderabad,16.6,15.5,0.62,6.8,18.37
tomato,Bangalore,18.7,26.4,0.94,3.1,13.45
wheat,Bangalore,16.0,10.3,0.63,3.6,23.3
onion,Bangalore,10.2,26.0,0.73,1.4,12.5
wheat,Hyderabad,25.6,14.4,0.98,5.5,25.47
onion,Bangalore,12.4,11.6,0.61,2.3,20.56
wheat,Hyderabad,18.7,29.7,0.64,5.3,17.3
onion,Bangalore,33.8,44.5,0.7,4.6,14.64
wheat,Bangalore,38.4,12.0,0.97,1.4,34.04
onion,Chennai,36.7,19.2,0.79,3.3,25.95
onion,Bangalore,21.8,25.7,0.89,3.5,21.86
tomato,Hyderabad,12.2,14.0,0.95,4.3,13.35
tomato,Bangalore,20.4,37.8,0.85,7.6,10.11
wheat,Chennai,14.8,43.6,0.82,1.1,15.9
wheat,Bangalore,16.4,40.4,0.98,2.7,14.5
wheat,Bangalore,11.7,14.5,0.62,6.9,18.4
onion,Bangalore,25.5,44.7,0.84,3.6,13.33
wheat,Hyderabad,10.4,41.4,0.61,2.7,13.32
wheat,Chennai,33.9,21.8,0.88,2.3,27.91
tomato,Bangalore,17.1,15.0,0.67,2.3,18.48
wheat,Chennai,29.6,40.5,0.7,4.2,18.88
wheat,Chennai,29.8,23.6,0.65,2.8,27.98
wheat,Hyderabad,38.7,18.7,0.74,7.3,27.06
tomato,Chennai,25.8,34.1,0.71,6.2,6.9
tomato,Hyderabad,24.7,21.2,0.68,3.2,13.34
wheat,Chennai,33.4,28.3,0.86,6.5,21.95
wheat,Hyderabad,10.2,27.2,0.99,2.9,21.79
onion,Hyderabad,10.9,39.5,0.78,2.5,13.71
onion,Chennai,18.7,18.4,0.69,3.9,15.26
onion,Bangalore,16.5,22.8,0.76,7.8,11.3
tomato,Bangalore,35.7,39.6,0.74,5.8,10.08
tomato,Hyderabad,29.1,44.8,0.91,2.6,12.34
onion,Hyderabad,14.1,40.2,0.93,7.9,8.23
tomato,Hyderabad,39.6,17.9,0.86,5.3,21.54
tomato,Hyderabad,24.2,21.7,0.83,7.2,16.29
onion,Chennai,31.4,25.6,0.61,4.1,20.12
wheat,Bangalore,11.6,25.6,0.82,3.1,19.07
tomato,Hyderabad,14.9,20.6,0.85,3.1,14.59
wheat,Bangalore,35.0,30.2,0.86,4.2,26.02
wheat,Bangalore,11.0,32.4,0.63,4.0,16.15
onion,Hyderabad,30.7,37.8,0.67,1.7,14.07
wheat,Chennai,36.3,28.5,0.79,1.7,28.65
tomato,Bangalore,12.3,13.9,0.62,2.8,14.9
onion,Hyderabad,17.8,23.5,0.98,5.3,18.17
wheat,Hyderabad,32.1,19.6,0.86,3.4,29.0
onion,Hyderabad,33.7,31.1,0.86,8.0,13.27
onion,Hyderabad,12.8,33.8,0.95,4.6,10.8
wheat,Hyderabad,17.7,36.9,0.9,5.1,16.41
onion,Bangalore,23.8,11.9,0.77,4.3,21.72
tomato,Hyderabad,29.2,20.9,0.81,1.5,19.25
onion,Bangalore,20.7,33.9,0.86,6.0,14.07
onion,Bangalore,13.8,32.9,0.62,5.2,7.43
tomato,Chennai,30.1,38.7,0.7,3.9,7.18
onion,Bangalore,36.3,18.5,0.82,2.3,26.69
onion,Chennai,23.1,22.0,0.82,1.6,22.51
onion,Chennai,27.5,16.5,0.68,2.3,22.95
tomato,Chennai,11.5,30.0,0.93,3.3,9.31
tomato,Bangalore,27.9,19.6,0.61,6.1,16.81
wheat,Bangalore,30.3,17.2,0.74,1.9,31.75
onion,Chennai,30.3,40.1,0.99,5.4,16.51
onion,Bangalore,33.4,34.6,0.93,1.4,23.9
tomato,Hyderabad,38.5,20.5,0.61,4.0,20.29
wheat,Hyderabad,16.5,31.7,0.62,4.4,15.58
wheat,Chennai,32.8,27.5,0.96,2.0,24.47
wheat,Bangalore,20.5,39.1,0.8,7.4,15.84
tomato,Hyderabad,15.0,10.1,0.99,7.3,11.42
tomato,Chennai,15.9,43.2,0.68,5.3,5.0
onion,Bangalore,38.4,33.7,0.72,2.3,19.93
tomato,Hyderabad,13.1,24.8,0.92,2.0,13.07
onion,Hyderabad,32.0,39.4,0.82,1.6,17.35
tomato,Chennai,26.1,33.7,0.87,5.4,10.85
wheat,Bangalore,11.2,25.9,0.96,5.0,19.52
onion,Chennai,39.4,44.5,0.87,2.7,17.0
onion,Hyderabad,16.7,40.0,0.93,4.1,9.44
wheat,Bangalore,32.9,42.8,0.98,2.2,22.19
tomato,Chennai,32.1,18.8,0.63,2.9,19.11
onion,Bangalore,17.7,35.2,0.61,3.6,14.17
onion,Chennai,14.4,38.8,0.69,5.6,12.84
onion,Bangalore,27.4,41.9,0.67,1.0,12.8
tomato,Chennai,12.3,24.5,0.87,2.7,12.85
tomato,Chennai,39.7,22.1,0.62,6.1,17.02
wheat,Chennai,16.4,37.4,0.68,2.8,16.34
wheat,Chennai,25.4,34.8,0.96,2.0,20.97
wheat,Bangalore,10.6,15.0,0.86,6.1,18.8
tomato,Chennai,24.5,12.2,0.84,7.9,17.17
wheat,Bangalore,32.6,27.5,0.65,5.1,24.5
onion,Hyderabad,21.7,41.2,0.93,6.0,12.83
wheat,Hyderabad,37.3,15.4,0.85,1.2,29.24
onion,Chennai,20.4,16.0,0.85,7.2,19.57
wheat,Bangalore,15.8,35.1,0.87,3.4,18.18
wheat,Chennai,25.8,17.0,0.9,6.2,25.29
tomato,Hyderabad,36.3,19.4,0.99,3.7,20.31
onion,Bangalore,34.9,24.5,0.7,7.1,16.74
tomato,Hyderabad,23.4,27.1,0.68,5.4,7.86
onion,Chennai,37.5,38.0,0.78,6.0,11.24
wheat,Bangalore,24.8,16.7,0.79,2.7,25.65
onion,Chennai,26.0,32.1,0.82,1.9,20.0
wheat,Chennai,37.9,26.1,0.67,3.1,26.2
tomato,Bangalore,38.0,42.6,0.65,3.7,11.48
onion,Hyderabad,30.0,20.0,0.83,1.8,21.28
onion,Bangalore,39.2,10.2,0.77,1.7,30.6
tomato,Chennai,10.7,24.2,0.69,4.7,10.29
wheat,Hyderabad,17.0,10.7,0.95,7.8,24.64
wheat,Chennai,18.1,44.9,0.94,3.9,16.34
onion,Bangalore,28.7,14.7,0.65,6.9,17.99
wheat,Chennai,25.6,11.3,0.63,5.7,22.56
wheat,Hyderabad,33.7,17.0,0.92,7.0,28.76
tomato,Bangalore,38.6,11.7,0.66,4.8,25.14
tomato,Hyderabad,38.8,11.6,0.66,1.1,26.4
tomato,Hyderabad,38.0,33.3,0.93,1.1,15.23
wheat,Bangalore,12.2,34.0,0.8,6.4,18.61
onion,Bangalore,14.5,32.7,0.67,7.1,7.9
wheat,Hyderabad,25.6,12.6,0.85,2.8,28.7
wheat,Chennai,34.5,44.3,0.8,4.2,18.63
onion,Chennai,17.8,20.4,0.6,7.7,14.6
onion,Hyderabad,23.4,13.6,0.61,5.3,18.36
tomato,Chennai,19.6,36.7,0.92,3.7,11.21
onion,Bangalore,13.8,25.0,0.66,5.9,12.31
tomato,Bangalore,34.4,42.8,0.81,7.7,9.94
onion,Bangalore,21.8,39.7,0.8,4.3,15.6
wheat,Chennai,27.6,42.7,0.89,7.4,16.01
onion,Hyderabad,28.1,28.5,0.82,7.8,15.08
onion,Bangalore,23.8,20.7,0.61,3.3,19.67
onion,Chennai,20.7,25.7,0.99,3.6,17.0
wheat,Bangalore,16.2,34.8,0.61,3.9,14.49
onion,Hyderabad,20.2,29.7,0.68,6.2,14.08
onion,Hyderabad,31.7,21.2,0.96,1.9,24.12
tomato,Chennai,24.8,12.9,0.68,7.6,14.64
onion,Chennai,18.1,34.6,0.86,7.9,11.58
onion,Chennai,25.8,17.1,0.64,3.7,20.97
wheat,Chennai,19.0,15.3,0.71,3.6,23.9
wheat,Bangalore,26.2,12.7,0.61,1.7,28.88
wheat,Hyderabad,34.1,26.3,0.74,1.8,26.3
tomato,Hyderabad,33.5,15.9,0.8,4.4,20.85
wheat,Hyderabad,11.5,12.2,0.67,1.2,24.36
tomato,Chennai,31.7,14.8,0.93,2.1,20.13
tomato,Bangalore,17.6,27.1,0.76,7.9,6.95
tomato,Bangalore,14.3,11.8,0.85,1.4,18.01
onion,Chennai,26.8,16.0,0.68,3.2,24.46
wheat,Bangalore,16.3,14.1,0.99,1.2,28.04
wheat,Chennai,17.7,13.2,0.64,2.4,25.7
wheat,Hyderabad,30.8,15.5,0.7,6.9,22.92
onion,Hyderabad,29.5,13.2,0.98,2.8,28.95
onion,Chennai,22.1,11.8,0.8,1.9,20.21
tomato,Bangalore,34.1,15.4,0.75,3.6,18.17
tomato,Bangalore,34.0,34.8,0.68,3.6,14.7
onion,Chennai,39.6,37.3,0.76,5.0,16.73
tomato,Hyderabad,25.0,23.4,0.99,2.1,15.9
wheat,Hyderabad,30.0,17.5,0.69,6.1,20.51
tomato,Hyderabad,28.2,15.8,0.92,6.0,17.44
wheat,Hyderabad,20.1,10.6,0.76,4.8,23.01
wheat,Bangalore,30.2,44.7,0.95,4.3,16.37
onion,Hyderabad,37.1,11.8,0.95,3.4,27.93
tomato,Hyderabad,20.5,42.5,0.63,4.8,9.98
tomato,Chennai,20.9,39.5,0.68,6.8,8.34
wheat,Hyderabad,11.9,23.4,0.78,2.0,20.97
onion,Chennai,19.1,36.1,0.99,6.0,11.31
onion,Chennai,36.4,22.3,0.63,6.1,22.46
wheat,Hyderabad,28.9,15.7,0.83,4.5,25.12
onion,Hyderabad,34.3,22.7,0.81,5.7,19.13
tomato,Bangalore,26.9,21.0,0.63,5.8,12.2
wheat,Bangalore,20.8,12.7,0.77,4.1,22.52
wheat,Chennai,11.6,11.3,0.89,4.8,25.03
wheat,Bangalore,17.3,36.1,0.67,2.3,14.12
wheat,Bangalore,30.2,32.2,0.92,6.8,20.03
wheat,Chennai,22.4,34.4,0.71,8.0,16.28
onion,Chennai,26.2,26.0,0.98,5.7,17.49
tomato,Bangalore,26.2,32.0,0.7,6.6,10.52
tomato,Chennai,29.9,21.8,0.97,7.4,20.17
wheat,Bangalore,11.2,35.9,0.93,7.8,13.6
wheat,Bangalore,29.4,41.2,0.89,4.6,21.16
onion,Bangalore,18.0,39.2,0.77,5.5,12.66
tomato,Chennai,23.3,29.7,0.94,4.1,16.4
onion,Bangalore,30.5,40.9,0.68,7.1,10.06
tomato,Bangalore,38.2,11.7,0.74,7.0,17.77
tomato,Hyderabad,16.0,24.9,0.75,7.4,9.19
onion,Hyderabad,14.1,21.8,0.83,1.7,21.75
tomato,Chennai,21.6,37.5,0.8,2.3,9.63
tomato,Bangalore,33.2,29.7,0.82,1.8,19.45
wheat,Bangalore,25.9,19.4,0.61,6.1,22.12
onion,Chennai,39.1,26.9,0.63,4.9,19.85
onion,Chennai,39.9,25.1,0.73,7.3,21.05
wheat,Hyderabad,11.2,22.2,0.71,5.8,15.1
tomato,Hyderabad,18.0,38.4,0.62,4.8,8.42
onion,Hyderabad,29.4,43.9,0.89,7.5,14.57
tomato,Bangalore,13.5,28.5,0.65,5.1,13.17
wheat,Hyderabad,15.8,27.2,0.98,3.7,20.06
wheat,Bangalore,18.3,12.3,0.88,2.7,24.04
wheat,Bangalore,14.4,28.4,0.99,5.3,14.5
wheat,Chennai,35.2,11.3,0.86,3.0,27.75
wheat,Chennai,37.7,17.2,0.95,1.2,32.99
wheat,Hyderabad,35.6,32.1,0.9,2.5,29.08
wheat,Bangalore,33.8,16.5,0.63,8.0,24.27
wheat,Hyderabad,21.0,39.5,0.82,7.3,14.48
onion,Hyderabad,36.6,26.1,0.84,2.3,23.14
tomato,Bangalore,39.0,19.4,0.8,1.6,22.87
onion,Chennai,23.3,21.7,0.81,5.1,24.28
wheat,Chennai,10.8,20.0,0.82,1.0,23.82
tomato,Chennai,28.2,24.1,0.87,2.3,17.08
onion,Bangalore,26.8,23.5,0.77,4.9,19.76
tomato,Hyderabad,36.5,43.0,0.9,1.6,15.79
onion,Chennai,22.3,26.5,0.62,2.3,17.34
wheat,Hyderabad,28.5,26.9,0.76,7.4,23.2
tomato,Hyderabad,27.4,28.7,0.84,3.6,15.22
onion,Chennai,13.9,28.8,0.97,3.2,18.82
wheat,Hyderabad,32.9,18.7,0.61,1.7,26.1
tomato,Hyderabad,25.1,35.4,0.65,3.8,12.18
onion,Hyderabad,26.2,38.6,0.67,6.7,13.23
wheat,Hyderabad,22.4,14.8,0.87,4.7,28.58
onion,Bangalore,37.2,30.6,0.63,4.1,21.18
wheat,Chennai,36.8,19.4,0.76,7.3,26.5
onion,Chennai,30.6,40.1,0.64,7.1,10.59
onion,Hyderabad,17.5,21.2,0.65,3.1,16.48
onion,Bangalore,34.3,23.6,0.92,3.1,25.99
onion,Bangalore,29.4,40.6,0.62,6.8,11.16
wheat,Bangalore,28.2,28.3,0.95,1.3,26.98
wheat,Hyderabad,10.5,28.1,0.81,3.8,17.03
onion,Bangalore,26.3,12.5,0.92,2.5,26.86
onion,Chennai,29.9,22.4,0.92,3.1,23.71
onion,Hyderabad,10.1,18.0,0.76,7.0,12.56
wheat,Bangalore,13.0,18.1,0.88,6.8,21.2
wheat,Hyderabad,22.5,13.1,0.78,2.6,28.5
tomato,Hyderabad,34.8,25.0,0.84,1.6,18.39
onion,Bangalore,26.5,40.0,0.79,1.0,17.0
tomato,Bangalore,38.3,10.1,0.7,7.6,19.42
tomato,Chennai,13.4,30.0,0.94,4.3,7.21
onion,Bangalore,27.6,16.1,0.99,2.2,23.39
onion,Hyderabad,37.5,26.3,0.63,5.2,18.85
onion,Bangalore,26.3,29.6,0.81,5.3,17.15
onion,Bangalore,36.1,32.3,0.67,4.0,21.14
tomato,Hyderabad,39.7,11.9,0.74,4.4,20.69
tomato,Hyderabad,19.5,35.5,0.95,7.6,8.84
onion,Hyderabad,34.8,20.6,0.76,3.2,24.14
wheat,Bangalore,17.6,44.9,0.68,2.0,15.78
onion,Hyderabad,26.1,37.6,0.93,7.7,11.38
tomato,Bangalore,19.5,37.1,0.62,1.1,10.55
tomato,Bangalore,17.1,42.6,0.94,6.0,9.3
wheat,Chennai,38.0,37.0,0.9,2.6,24.84
tomato,Bangalore,18.7,39.9,0.76,3.3,7.35
onion,Chennai,20.9,23.7,0.64,5.7,17.0
onion,Bangalore,31.6,36.1,0.81,3.3,14.74
wheat,Chennai,19.3,27.8,0.76,7.0,13.68
wheat,Bangalore,28.1,13.8,0.8,6.1,23.03
tomato,Hyderabad,29.0,12.5,0.96,7.7,17.89
wheat,Hyderabad,21.8,16.3,0.83,7.7,20.05
wheat,Bangalore,12.5,31.7,0.74,7.0,11.59
onion,Chennai,18.0,36.9,0.68,3.3,12.46
wheat,Chennai,38.3,42.6,0.68,3.5,21.26
tomato,Bangalore,37.0,42.6,0.75,4.4,10.13
onion,Hyderabad,34.2,10.1,0.73,4.0,24.26
wheat,Hyderabad,17.9,11.8,0.69,6.6,20.64
wheat,Bangalore,24.5,24.6,0.99,2.4,23.81
wheat,Hyderabad,25.9,13.5,0.92,7.1,22.93
wheat,Bangalore,35.5,40.7,0.82,5.6,17.13
onion,Chennai,29.6,27.9,0.66,1.4,19.01
tomato,Bangalore,11.5,29.9,0.75,6.3,8.73
onion,Bangalore,10.1,12.5,0.72,7.2,11.73
onion,Bangalore,31.3,44.1,0.92,2.7,18.71
onion,Hyderabad,30.3,34.6,0.98,4.7,17.87
tomato,Chennai,38.6,32.5,0.72,1.9,17.03
onion,Hyderabad,24.1,17.0,0.84,1.4,25.3
tomato,Chennai,18.8,15.9,0.75,3.5,16.58
onion,Bangalore,38.0,39.2,0.94,3.1,18.32
wheat,Bangalore,24.1,15.5,0.61,7.6,19.78
onion,Chennai,37.9,30.3,0.87,7.4,17.2
tomato,Hyderabad,28.6,11.4,0.67,6.8,15.61
tomato,Hyderabad,26.0,10.0,0.7,2.5,22.66
wheat,Bangalore,34.2,19.8,0.68,4.5,25.19
wheat,Hyderabad,36.8,18.0,0.9,3.2,30.78
wheat,Bangalore,31.0,24.1,0.63,6.1,23.68
tomato,Hyderabad,35.1,19.3,0.78,4.8,16.13
tomato,Bangalore,21.8,32.6,0.66,7.5,10.81
tomato,Chennai,16.2,27.0,0.95,4.7,10.41
wheat,Hyderabad,24.5,27.2,0.65,6.6,19.79
onion,Bangalore,38.3,28.2,0.87,6.4,19.79
wheat,Hyderabad,20.1,23.6,0.7,7.5,17.72
wheat,Chennai,12.2,27.6,0.67,5.0,16.63
tomato,Bangalore,27.1,10.3,0.7,3.8,15.69
wheat,Bangalore,29.6,31.7,0.72,1.6,22.93
tomato,Bangalore,13.8,22.5,0.84,6.8,7.25
wheat,Hyderabad,10.8,18.6,0.95,3.9,22.84
onion,Bangalore,37.5,24.3,0.68,4.6,21.91
wheat,Hyderabad,33.2,27.2,0.91,5.1,23.57
onion,Chennai,33.0,12.4,0.79,2.2,26.98
onion,Chennai,14.9,27.0,0.9,7.1,13.66
tomato,Hyderabad,30.1,14.4,0.98,1.9,20.74
tomato,Hyderabad,28.8,41.2,0.8,1.5,14.79
wheat,Bangalore,17.2,19.8,0.93,5.1,17.89
onion,Bangalore,27.4,35.5,0.76,5.4,15.22
wheat,Hyderabad,31.3,11.8,0.94,4.2,27.6
tomato,Hyderabad,36.6,23.2,0.9,1.7,19.65
onion,Bangalore,39.8,37.0,0.68,4.5,17.56
tomato,Hyderabad,33.1,18.0,0.97,5.1,16.57
tomato,Bangalore,25.1,31.2,0.82,4.4,10.15
wheat,Hyderabad,26.3,14.6,0.91,7.5,24.16
onion,Hyderabad,21.1,14.7,0.81,1.8,21.38
wheat,Chennai,38.3,41.6,0.95,1.5,21.72
onion,Chennai,33.4,13.6,0.64,1.7,25.69
wheat,Chennai,23.2,28.9,0.99,2.8,22.63
tomato,Bangalore,26.4,29.9,0.74,4.9,13.83
tomato,Hyderabad,30.9,15.8,0.9,7.8,16.25
onion,Hyderabad,28.0,34.3,0.93,1.4,25.29
tomato,Bangalore,23.2,39.2,0.97,5.4,6.82
wheat,Chennai,17.6,44.4,0.99,7.5,11.83
tomato,Chennai,22.3,21.4,0.9,1.6,19.75
wheat,Chennai,23.4,25.6,0.96,1.9,23.18
tomato,Bangalore,39.8,33.1,0.62,1.7,21.33
tomato,Bangalore,16.2,27.6,0.82,3.0,11.53
tomato,Bangalore,24.8,15.6,0.99,2.1,20.61
wheat,Bangalore,39.0,38.1,0.85,3.1,27.13
onion,Hyderabad,31.4,26.8,0.76,2.1,19.29
onion,Hyderabad,33.1,19.2,0.6,5.7,20.59
onion,Bangalore,19.6,40.4,0.69,5.3,11.62
tomato,Hyderabad,12.0,16.8,0.69,6.2,11.57
tomato,Hyderabad,38.3,28.1,0.74,2.6,15.96
wheat,Hyderabad,15.9,43.6,0.66,4.6,12.22
tomato,Bangalore,13.8,14.3,0.85,5.7,15.63
wheat,Hyderabad,19.9,11.5,0.8,4.8,25.68
onion,Bangalore,38.4,16.9,0.95,5.9,23.3
tomato,Hyderabad,35.5,26.8,0.75,4.5,14.16
wheat,Chennai,25.6,20.4,0.77,3.1,25.54
tomato,Hyderabad,14.9,22.7,0.7,5.8,10.48
onion,Chennai,35.2,30.3,0.85,3.0,25.39
onion,Hyderabad,18.6,24.8,0.86,1.2,19.87
tomato,Hyderabad,34.4,14.5,0.61,5.8,20.87
tomato,Chennai,28.8,15.3,0.79,4.5,19.17
wheat,Chennai,20.0,12.5,0.64,4.0,29.28
tomato,Bangalore,34.8,27.0,0.82,3.1,16.15
tomato,Chennai,29.6,15.2,0.82,4.7,19.95
wheat,Chennai,29.9,33.3,0.71,4.2,19.96
tomato,Hyderabad,25.6,40.1,0.6,1.2,10.26
tomato,Chennai,33.3,25.8,0.9,7.7,15.85
tomato,Hyderabad,15.0,39.2,0.68,7.2,5.14
onion,Hyderabad,30.3,27.4,0.64,3.0,20.16
wheat,Chennai,37.0,29.5,0.95,6.8,25.83
wheat,Chennai,30.9,20.2,0.73,3.2,26.41
tomato,Bangalore,35.6,14.9,0.82,1.1,22.83
wheat,Chennai,11.6,35.4,0.63,6.0,14.1
tomato,Hyderabad,36.5,42.7,0.94,5.9,11.64
wheat,Chennai,18.2,17.4,0.84,4.5,23.18
tomato,Bangalore,18.3,37.7,0.69,5.8,5.0
wheat,Chennai,36.5,29.7,0.67,2.6,26.38
onion,Hyderabad,24.6,21.8,0.82,6.2,17.96
tomato,Hyderabad,19.7,35.2,0.86,7.7,5.64
tomato,Bangalore,22.8,19.5,0.75,6.9,15.12
onion,Hyderabad,23.7,27.2,0.61,2.4,18.69
tomato,Bangalore,36.2,37.0,0.77,6.2,13.34
tomato,Chennai,23.8,18.3,0.98,5.2,16.85
tomato,Hyderabad,17.7,33.6,0.82,2.6,9.36
onion,Chennai,29.9,14.0,0.89,4.5,23.49
onion,Bangalore,32.4,10.3,0.67,5.1,23.02
tomato,Hyderabad,37.5,34.7,0.87,3.8,20.23
onion,Bangalore,25.7,12.6,0.68,6.9,20.46
wheat,Chennai,39.9,41.0,0.92,3.6,25.04
wheat,Hyderabad,15.3,30.3,0.96,3.2,18.13
tomato,Hyderabad,15.6,31.9,0.73,2.5,8.87
tomato,Chennai,24.2,11.4,0.86,1.4,20.0
tomato,Hyderabad,23.1,40.1,0.83,2.1,11.65
onion,Bangalore,23.2,41.5,0.9,4.4,17.48
tomato,Chennai,36.6,39.3,0.95,7.5,14.02
tomato,Bangalore,23.1,19.2,0.67,5.8,14.0
wheat,Chennai,16.0,21.2,0.84,1.5,24.64
tomato,Bangalore,30.1,26.7,0.86,1.3,19.8
wheat,Bangalore,19.0,21.1,0.87,1.2,26.32
tomato,Hyderabad,32.9,16.1,0.73,7.8,17.39
onion,Chennai,38.0,28.3,0.72,2.9,25.05
wheat,Bangalore,25.0,19.5,0.67,5.3,26.76
tomato,Bangalore,12.2,40.8,0.7,5.2,5.06
wheat,Bangalore,30.7,22.0,0.71,8.0,22.58
tomato,Chennai,29.3,22.4,0.62,1.2,21.11
wheat,Hyderabad,35.2,11.2,0.75,2.7,31.41
onion,Chennai,12.2,43.4,0.69,7.5,6.53
onion,Hyderabad,15.3,13.8,0.83,7.5,16.53
onion,Hyderabad,22.7,42.7,0.82,4.7,13.78
wheat,Hyderabad,30.0,12.8,0.84,2.1,30.15
onion,Hyderabad,19.0,26.2,0.84,2.2,16.59
tomato,Bangalore,23.4,38.5,0.96,4.6,12.8
onion,Bangalore,30.1,43.6,0.84,4.9,15.62
tomato,Bangalore,39.5,28.5,0.92,6.9,16.73
tomato,Hyderabad,20.2,26.4,0.94,3.1,15.91
onion,Hyderabad,23.1,42.6,0.85,3.0,16.73
wheat,Hyderabad,24.7,22.0,0.97,1.2,29.55
tomato,Chennai,29.6,35.4,0.6,7.6,13.41
wheat,Bangalore,17.0,19.2,0.62,1.9,24.19
wheat,Hyderabad,17.2,24.5,0.85,4.4,21.47
tomato,Hyderabad,25.5,18.9,0.98,7.3,11.29
tomato,Chennai,22.4,35.5,0.78,7.0,10.13
wheat,Hyderabad,20.1,29.6,0.64,2.4,17.56
onion,Bangalore,14.7,25.9,0.84,5.8,13.43
tomato,Chennai,36.1,29.9,0.78,1.5,21.16
wheat,Chennai,24.8,14.1,0.61,3.1,25.25
tomato,Hyderabad,33.7,20.4,0.8,3.9,15.98
tomato,Hyderabad,15.9,11.9,0.68,1.1,16.66
tomato,Chennai,21.2,16.4,0.77,7.9,14.55
wheat,Hyderabad,38.2,41.2,0.81,4.8,18.13
onion,Chennai,29.4,11.6,0.62,4.2,24.89
wheat,Bangalore,34.7,17.4,0.76,3.2,28.62
onion,Bangalore,25.1,38.1,0.78,4.4,15.36
tomato,Hyderabad,22.5,24.3,0.73,6.5,13.44
wheat,Bangalore,24.4,11.6,0.72,3.0,28.1
wheat,Hyderabad,23.0,33.8,0.84,6.4,20.0
onion,Hyderabad,24.2,32.5,0.64,4.1,13.03
wheat,Bangalore,13.2,32.0,0.64,1.7,15.78
tomato,Hyderabad,27.9,21.8,0.71,1.9,23.05
onion,Hyderabad,24.3,22.7,0.86,7.3,17.56
tomato,Bangalore,21.4,14.9,0.85,6.1,15.06
wheat,Hyderabad,12.4,34.3,0.91,6.8,15.3
onion,Hyderabad,34.9,15.3,0.62,7.2,19.53
tomato,Bangalore,10.8,34.1,0.84,7.6,5.0
tomato,Hyderabad,12.5,19.1,0.61,1.3,13.4
tomato,Bangalore,10.6,19.5,0.92,5.3,13.15
wheat,Hyderabad,23.4,20.8,0.79,3.3,23.13
tomato,Hyderabad,29.6,18.0,0.71,3.2,20.06
tomato,Chennai,18.2,17.3,0.78,7.4,12.88
onion,Hyderabad,12.9,42.3,0.83,3.5,9.4
tomato,Chennai,30.8,11.4,0.94,4.1,18.85
onion,Hyderabad,19.0,38.1,0.71,6.1,12.09
onion,Chennai,17.5,21.8,0.84,4.2,15.97
tomato,Bangalore,25.7,38.2,0.74,5.5,10.89
onion,Bangalore,13.3,37.8,0.64,2.9,10.56
wheat,Bangalore,23.7,43.0,0.96,1.7,21.64
tomato,Chennai,34.2,19.5,0.79,6.0,15.6
tomato,Hyderabad,30.8,38.0,0.76,3.4,12.59
tomato,Bangalore,19.8,40.1,0.65,4.0,9.05
tomato,Chennai,24.4,21.7,0.78,5.0,14.41
onion,Hyderabad,22.4,35.6,0.87,6.8,14.27
wheat,Chennai,21.1,27.0,0.73,2.0,19.33
tomato,Chennai,13.2,33.9,0.86,7.7,10.24
onion,Chennai,26.0,41.7,0.63,2.3,11.64
onion,Hyderabad,27.5,38.6,1.0,3.7,14.35
onion,Chennai,28.8,34.0,0.65,6.5,15.22
onion,Bangalore,24.5,21.6,0.9,3.2,21.59
onion,Hyderabad,28.9,14.1,0.86,3.0,26.79
onion,Bangalore,17.9,39.4,0.61,4.6,14.24
onion,Bangalore,33.7,14.7,0.72,5.3,26.87
tomato,Chennai,22.1,40.6,0.77,3.8,9.3
tomato,Chennai,13.4,20.7,0.91,3.6,12.6
wheat,Hyderabad,30.2,16.9,0.96,1.7,29.53
onion,Chennai,22.1,37.4,0.99,1.9,20.76
wheat,Bangalore,24.4,23.2,0.75,1.4,23.7
wheat,Bangalore,34.5,38.1,0.79,3.1,26.07
tomato,Chennai,39.5,16.9,0.65,1.4,21.96
wheat,Hyderabad,16.7,21.9,1.0,4.7,23.33
tomato,Bangalore,20.0,21.6,0.61,1.9,13.42
onion,Bangalore,20.5,36.5,0.83,5.8,13.47
wheat,Chennai,10.1,42.6,0.64,3.8,11.53
tomato,Hyderabad,24.0,40.6,0.92,7.9,10.45
tomato,Bangalore,26.7,23.3,0.8,4.9,12.83
onion,Bangalore,36.1,16.7,0.64,7.3,18.96
tomato,Chennai,26.5,22.6,0.65,5.1,11.32
tomato,Hyderabad,33.9,30.7,0.64,4.8,14.38
wheat,Chennai,33.8,32.0,0.66,6.0,17.43
tomato,Hyderabad,16.5,30.7,0.97,6.6,7.62
onion,Chennai,16.1,18.7,1.0,1.7,20.6
tomato,Chennai,15.5,36.5,0.61,6.7,5.0
wheat,Chennai,29.7,22.8,0.84,5.9,22.13
wheat,Bangalore,27.7,28.2,0.9,4.6,22.15
wheat,Bangalore,21.9,10.9,0.73,7.8,21.91
onion,Hyderabad,35.4,25.4,0.61,1.5,24.23
wheat,Bangalore,39.1,34.3,0.63,2.3,25.71
wheat,Bangalore,29.3,11.0,0.93,6.5,28.0
tomato,Chennai,31.3,17.5,0.62,2.4,18.06
wheat,Hyderabad,25.3,26.7,0.71,1.2,22.01
onion,Hyderabad,21.9,20.5,0.95,6.2,18.29
wheat,Bangalore,30.9,17.2,0.78,1.5,31.11
wheat,Bangalore,13.8,41.6,0.95,4.3,16.49
onion,Bangalore,23.0,37.5,0.78,7.6,14.28
wheat,Bangalore,23.9,37.5,0.93,4.9,18.52
tomato,Bangalore,32.6,38.4,0.61,4.3,9.08
tomato,Chennai,38.9,39.2,0.8,6.3,11.88
tomato,Bangalore,24.1,28.5,1.0,6.9,14.4
onion,Bangalore,25.5,36.7,0.78,6.5,11.53
tomato,Bangalore,23.1,23.9,0.9,5.1,14.84
onion,Chennai,15.1,17.9,0.83,4.0,15.59
wheat,Hyderabad,35.6,19.0,0.8,7.8,24.8
tomato,Bangalore,24.1,43.5,0.91,7.8,5.16
wheat,Chennai,20.7,19.6,0.92,3.6,25.31
onion,Chennai,35.5,39.6,0.74,6.8,14.47
onion,Hyderabad,10.0,28.3,0.74,8.0,12.01
wheat,Hyderabad,32.8,43.4,0.96,3.2,22.2
tomato,Chennai,28.9,41.8,0.77,6.5,7.37
wheat,Hyderabad,39.6,20.8,0.65,2.4,27.49
onion,Bangalore,23.5,10.8,0.86,3.9,23.31
onion,Hyderabad,16.2,32.9,0.77,2.3,16.23
onion,Bangalore,33.6,33.6,0.65,5.9,20.0
wheat,Bangalore,38.3,15.0,0.86,3.7,30.2
wheat,Bangalore,37.0,19.5,0.92,8.0,26.23
onion,Bangalore,23.1,28.2,0.72,1.1,17.65
tomato,Hyderabad,31.1,13.0,0.86,5.6,17.5
wheat,Bangalore,10.1,18.7,0.97,7.5,20.3
wheat,Bangalore,10.5,42.7,0.63,6.6,11.64
tomato,Bangalore,38.2,16.5,0.99,8.0,16.77
tomato,Hyderabad,22.7,20.8,0.71,7.8,12.22
tomato,Hyderabad,32.0,10.0,0.84,7.4,17.15
onion,Hyderabad,31.4,34.1,0.73,2.8,17.37
tomato,Bangalore,37.7,26.0,0.94,4.2,16.69
onion,Hyderabad,26.1,10.8,0.78,6.5,20.78
wheat,Bangalore,29.1,41.8,0.61,4.9,17.51
wheat,Bangalore,18.6,43.5,0.89,5.6,17.51
tomato,Chennai,34.1,33.1,0.76,4.6,13.4
tomato,Hyderabad,38.8,22.5,0.63,2.2,22.5
onion,Hyderabad,20.7,20.1,0.7,5.6,18.02
tomato,Hyderabad,18.8,12.8,0.8,3.2,17.05
wheat,Bangalore,38.6,25.5,0.67,2.4,25.46
tomato,Bangalore,11.8,19.4,0.91,7.2,8.22
wheat,Bangalore,34.1,14.8,0.91,6.6,23.37
wheat,Chennai,22.1,41.8,0.9,4.8,17.6
tomato,Bangalore,20.4,28.2,0.86,3.9,14.33
onion,Bangalore,22.2,34.1,0.7,5.5,14.32
tomato,Hyderabad,19.9,24.8,0.83,7.3,11.31
onion,Hyderabad,25.3,32.5,0.64,6.9,13.25
tomato,Hyderabad,35.5,10.7,0.84,2.9,22.48
wheat,Chennai,30.2,17.8,0.61,3.9,26.95
onion,Hyderabad,34.3,38.0,0.78,5.2,18.91
tomato,Bangalore,26.4,29.4,0.8,3.1,15.33
wheat,Bangalore,31.6,17.5,0.68,3.9,27.27
onion,Bangalore,23.5,28.8,0.68,2.1,15.15
tomato,Chennai,23.0,24.4,0.61,4.5,16.86
onion,Bangalore,15.3,18.8,0.92,7.6,19.26
onion,Hyderabad,24.9,17.5,0.62,3.3,21.44
wheat,Bangalore,37.1,45.0,0.99,7.2,17.58
tomato,Chennai,30.6,24.6,0.86,3.2,18.71
onion,Bangalore,17.9,10.4,0.81,5.2,24.92
wheat,Hyderabad,27.7,26.5,0.83,7.5,19.51
tomato,Bangalore,17.9,27.7,0.9,4.5,13.94
onion,Hyderabad,31.7,38.2,0.72,5.6,16.92
wheat,Bangalore,10.9,19.0,0.96,6.8,18.76
tomato,Chennai,16.6,23.6,0.95,6.1,9.22
onion,Hyderabad,15.3,36.0,0.7,4.2,10.93
tomato,Hyderabad,24.4,25.7,0.65,4.0,11.93
onion,Chennai,17.0,35.7,0.61,5.3,10.01
wheat,Bangalore,13.7,13.5,0.84,2.4,23.0
wheat,Chennai,35.6,18.1,0.73,2.5,27.8
wheat,Hyderabad,13.4,38.2,0.7,2.7,14.36
tomato,Bangalore,17.8,28.8,0.96,6.9,10.43
wheat,Chennai,11.1,28.7,0.88,3.4,17.85
onion,Hyderabad,14.3,40.0,0.72,5.6,8.17
wheat,Hyderabad,24.2,27.4,0.89,1.6,25.73
tomato,Chennai,28.8,22.5,0.73,1.2,19.16
wheat,Chennai,13.8,26.7,0.91,2.8,21.02
onion,Chennai,16.6,28.3,0.66,5.7,13.11
wheat,Hyderabad,35.4,22.1,0.86,6.0,21.99
wheat,Hyderabad,12.5,44.7,0.65,1.5,16.4
onion,Chennai,19.1,32.8,0.73,3.7,12.83
wheat,Chennai,25.3,43.0,0.62,4.5,13.48
tomato,Chennai,33.5,22.3,0.72,4.9,16.54
onion,Chennai,39.8,32.8,0.62,4.7,18.82
tomato,Hyderabad,14.3,42.2,0.78,8.0,6.81
onion,Bangalore,23.6,18.4,0.93,6.5,16.47
onion,Hyderabad,30.9,24.6,0.83,5.5,20.9
tomato,Hyderabad,13.0,42.1,0.82,2.1,7.27
wheat,Chennai,37.4,15.9,0.93,7.5,23.03
onion,Chennai,30.9,20.9,0.64,2.9,23.08
onion,Hyderabad,39.4,27.3,0.6,2.0,24.45
wheat,Bangalore,38.3,22.8,0.97,6.5,22.92
onion,Hyderabad,25.9,40.5,0.87,1.8,16.19
wheat,Chennai,34.2,10.7,0.93,2.0,29.98
tomato,Bangalore,32.0,13.9,0.94,6.9,18.89
wheat,Bangalore,10.2,30.7,0.94,3.5,22.22
wheat,Bangalore,16.8,16.0,0.87,5.3,21.04
tomato,Bangalore,19.4,26.2,0.76,7.0,10.55
onion,Hyderabad,19.1,40.2,0.91,7.5,11.24
onion,Bangalore,15.1,36.7,0.91,7.1,7.44
onion,Chennai,26.9,17.5,0.74,6.5,20.26
wheat,Chennai,38.6,37.1,0.92,4.7,21.11
onion,Chennai,12.0,14.1,0.84,2.9,19.01
tomato,Chennai,30.6,23.0,0.7,6.3,13.07
onion,Hyderabad,28.4,23.1,0.88,6.9,18.85
wheat,Bangalore,29.3,33.8,0.82,5.4,24.42
wheat,Bangalore,15.0,44.2,0.64,7.5,10.37
tomato,Bangalore,23.1,32.1,0.74,3.1,14.17
tomato,Hyderabad,13.6,36.6,0.97,4.2,10.02
onion,Hyderabad,33.1,31.6,0.84,3.0,20.75
onion,Hyderabad,33.8,14.0,0.81,1.7,26.73
onion,Chennai,39.9,24.9,0.74,6.0,23.53
onion,Hyderabad,35.0,25.9,0.89,1.8,24.8
onion,Bangalore,14.4,21.1,0.99,2.8,20.28
tomato,Hyderabad,24.7,28.1,0.77,7.9,10.04
wheat,Chennai,35.2,44.9,0.72,3.5,20.71
onion,Hyderabad,16.6,17.0,0.97,7.0,16.25
wheat,Chennai,17.6,27.7,0.61,1.9,23.02
onion,Bangalore,32.6,24.8,0.81,3.6,23.15
wheat,Hyderabad,31.7,17.2,0.74,4.3,27.94
onion,Hyderabad,32.6,21.5,0.66,3.8,19.06
onion,Bangalore,24.6,34.6,0.81,7.1,17.34
tomato,Hyderabad,34.4,28.2,0.91,4.7,15.75
tomato,Bangalore,34.3,17.8,0.89,7.6,15.21
tomato,Hyderabad,17.2,11.5,0.85,4.9,19.46
wheat,Hyderabad,36.7,26.4,0.86,7.3,21.34
tomato,Chennai,38.9,24.6,0.84,6.0,18.04
onion,Chennai,27.6,37.9,0.79,6.6,16.97
wheat,Chennai,38.2,28.7,0.84,1.2,28.97
wheat,Chennai,22.2,24.3,0.82,4.8,19.46
onion,Chennai,34.5,32.4,0.72,5.6,16.4
tomato,Chennai,37.3,32.3,0.91,3.6,15.18
wheat,Bangalore,18.3,28.7,0.74,1.9,20.11
onion,Hyderabad,28.7,31.0,0.82,5.1,13.99
tomato,Hyderabad,22.9,24.3,0.65,5.7,14.18
wheat,Bangalore,10.0,43.4,0.93,7.3,12.81
wheat,Chennai,34.3,39.3,0.64,6.2,18.75
tomato,Chennai,38.4,25.5,0.84,4.3,19.06
wheat,Bangalore,12.3,27.5,0.87,6.5,18.3
tomato,Bangalore,11.9,24.1,0.61,3.3,10.9
wheat,Hyderabad,17.4,37.6,0.85,4.7,13.38
onion,Hyderabad,37.8,24.1,0.96,3.7,22.51
tomato,Bangalore,24.3,14.3,0.97,4.2,17.13
onion,Hyderabad,20.2,14.4,0.77,1.1,25.37
onion,Hyderabad,25.4,14.9,0.69,4.1,20.02
onion,Bangalore,35.0,24.1,0.89,7.1,18.47
tomato,Hyderabad,34.2,36.5,0.74,7.9,8.85
tomato,Hyderabad,23.0,21.6,0.67,6.4,10.86
wheat,Hyderabad,27.0,43.5,0.73,2.5,20.83
wheat,Chennai,31.6,21.8,0.72,4.8,26.16
wheat,Chennai,36.8,28.0,0.93,6.7,26.51
onion,Hyderabad,16.6,27.9,0.82,4.8,18.13
tomato,Hyderabad,30.1,32.0,0.61,4.8,11.07
wheat,Bangalore,15.4,36.8,0.8,7.2,15.46
wheat,Hyderabad,18.1,22.2,0.89,4.9,21.79
wheat,Hyderabad,21.1,32.7,0.89,2.5,22.74
onion,Chennai,39.7,26.2,0.63,7.8,18.08
onion,Hyderabad,30.9,36.8,0.78,6.0,15.98
tomato,Bangalore,16.3,32.1,0.99,3.2,15.82
tomato,Hyderabad,35.3,36.7,0.62,8.0,9.25
tomato,Bangalore,29.5,40.0,0.64,3.4,10.69
tomato,Chennai,25.4,30.5,0.67,6.1,11.41
onion,Hyderabad,13.4,29.1,0.88,1.4,15.5
onion,Hyderabad,15.8,11.8,0.95,1.5,24.33
onion,Hyderabad,29.6,42.3,0.62,1.2,17.76
wheat,Hyderabad,37.4,19.3,0.78,4.8,30.45
tomato,Chennai,40.0,18.2,0.89,3.6,20.35
wheat,Chennai,15.4,39.5,0.6,3.2,9.0
tomato,Chennai,12.9,20.4,0.62,5.2,11.04
tomato,Bangalore,13.3,26.4,0.63,5.2,7.86
onion,Chennai,35.0,10.3,0.69,5.3,26.44
onion,Bangalore,34.7,16.6,0.88,3.0,29.59
tomato,Bangalore,27.3,34.4,0.67,2.0,9.0
wheat,Chennai,12.1,44.0,0.61,5.2,9.39
onion,Chennai,19.7,21.2,0.78,5.4,16.49
tomato,Chennai,21.4,40.5,0.87,3.4,9.22
onion,Chennai,10.6,35.7,0.79,6.7,9.12
wheat,Chennai,31.8,14.2,0.67,3.2,29.68
wheat,Bangalore,39.4,40.8,0.71,1.7,22.97
onion,Bangalore,34.1,41.5,0.85,1.0,18.01
wheat,Bangalore,20.9,27.5,0.62,3.4,21.14
tomato,Bangalore,24.9,25.0,0.98,2.5,14.91
tomato,Hyderabad,32.1,29.5,0.97,3.6,15.15
onion,Bangalore,18.6,15.6,0.82,4.7,19.08
wheat,Chennai,30.9,31.8,0.68,4.3,22.04
onion,Chennai,24.7,43.8,0.93,3.0,18.25
onion,Bangalore,36.7,13.3,1.0,7.6,26.12
tomato,Hyderabad,28.1,33.5,0.84,1.5,14.63
tomato,Hyderabad,16.3,20.2,0.91,2.1,15.61
wheat,Chennai,23.5,38.9,0.64,5.9,14.67
wheat,Chennai,19.3,42.6,0.7,5.5,14.11
onion,Bangalore,36.5,39.4,0.83,2.7,15.56
onion,Chennai,31.3,10.4,0.78,6.9,18.67
tomato,Hyderabad,14.7,17.2,0.87,3.5,14.69
onion,Chennai,14.7,18.8,0.66,7.7,10.39
wheat,Bangalore,14.6,24.7,0.63,4.6,16.28
onion,Bangalore,25.3,14.5,0.9,3.8,21.33
onion,Bangalore,20.3,18.5,0.76,1.1,18.6
wheat,Bangalore,16.8,27.2,0.74,6.8,17.2
tomato,Bangalore,37.1,13.7,0.99,7.0,20.51
onion,Chennai,38.2,35.3,0.68,4.1,18.5
tomato,Bangalore,21.6,21.6,0.84,7.1,11.2
wheat,Bangalore,38.7,39.5,0.88,3.1,23.28
tomato,Hyderabad,37.5,31.1,0.92,6.5,16.29
tomato,Chennai,12.8,27.8,0.66,3.9,10.26
tomato,Chennai,24.4,34.5,0.97,3.6,9.16
tomato,Hyderabad,29.3,38.6,0.82,2.8,15.26
tomato,Hyderabad,27.4,23.7,0.83,4.6,13.88
wheat,Bangalore,29.5,24.8,0.77,2.0,30.83
onion,Hyderabad,25.2,10.8,0.73,6.7,21.27
tomato,Hyderabad,23.5,20.0,0.72,3.7,11.52
onion,Chennai,22.8,29.3,0.69,6.2,12.07
wheat,Bangalore,34.3,37.3,0.69,6.0,18.45
onion,Chennai,38.2,40.3,0.8,2.0,22.04
onion,Bangalore,29.4,24.8,0.66,4.4,19.46
onion,Bangalore,23.9,35.0,0.89,2.0,16.35
onion,Bangalore,27.3,14.6,0.78,2.9,22.44
tomato,Chennai,22.9,35.4,0.8,5.4,11.72
wheat,Chennai,33.0,24.9,0.78,4.6,25.61
onion,Chennai,19.2,11.3,0.97,3.4,24.68
onion,Hyderabad,33.4,30.1,0.99,2.7,23.04
wheat,Hyderabad,31.8,33.0,0.89,3.5,23.75
wheat,Chennai,32.7,19.3,0.79,6.8,22.91
wheat,Hyderabad,23.9,28.8,1.0,3.8,21.52
wheat,Bangalore,37.2,11.4,0.77,1.4,33.01
tomato,Hyderabad,11.0,10.0,0.63,6.3,10.81
onion,Bangalore,24.6,34.9,0.95,7.5,12.09
tomato,Chennai,33.3,44.0,0.79,3.1,11.4
tomato,Chennai,19.1,19.0,0.84,1.1,19.03
onion,Hyderabad,18.8,40.7,0.91,1.2,12.68
onion,Chennai,20.6,32.3,0.9,5.7,14.44
wheat,Chennai,27.2,23.9,0.75,1.1,22.96
wheat,Hyderabad,31.6,31.1,0.97,1.4,26.89
tomato,Chennai,13.6,44.9,0.91,3.9,5.21
onion,Bangalore,30.4,37.6,0.93,1.6,22.74
onion,Hyderabad,38.5,40.4,0.79,3.4,19.1
wheat,Chennai,22.0,22.8,0.82,5.7,18.63
wheat,Bangalore,18.6,36.9,0.68,6.0,17.42
onion,Chennai,28.0,13.1,0.62,3.6,23.37
tomato,Chennai,26.9,43.8,0.69,6.0,10.91
tomato,Chennai,18.4,16.3,0.82,2.5,18.0
tomato,Chennai,27.2,17.7,0.94,6.2,18.29
tomato,Hyderabad,24.2,24.4,0.97,3.4,18.52
wheat,Bangalore,13.8,36.4,0.79,2.0,21.24
onion,Chennai,38.4,22.8,0.96,3.1,24.37
tomato,Bangalore,29.1,18.2,0.83,5.5,17.11
tomato,Bangalore,33.3,20.9,0.83,7.9,18.17
tomato,Bangalore,12.5,38.8,0.87,2.4,7.58
tomato,Hyderabad,22.8,14.7,0.97,4.3,19.48
wheat,Hyderabad,20.6,37.9,0.78,3.2,18.33
onion,Bangalore,34.0,37.7,0.99,6.5,17.9
onion,Bangalore,31.5,13.8,0.9,2.0,27.13
wheat,Chennai,39.3,43.5,0.62,4.1,20.27
tomato,Chennai,38.5,32.2,0.74,5.2,12.64
onion,Hyderabad,38.6,31.3,0.69,4.4,17.67
wheat,Bangalore,27.5,43.2,0.79,7.3,17.75
tomato,Bangalore,14.4,34.8,0.77,2.8,11.75
onion,Bangalore,37.4,36.3,0.97,3.2,22.52
onion,Bangalore,21.1,11.9,0.91,5.9,20.12
onion,Hyderabad,28.7,24.6,0.82,4.0,25.26
onion,Chennai,28.1,36.2,0.97,5.1,14.39
wheat,Hyderabad,30.2,10.2,0.99,7.1,29.38
tomato,Bangalore,38.8,17.3,0.72,6.4,19.0
tomato,Bangalore,16.7,29.5,0.91,5.3,12.75
tomato,Hyderabad,10.8,32.5,0.96,7.2,6.02
onion,Chennai,23.4,37.1,0.81,3.2,19.13
tomato,Chennai,11.1,30.4,0.69,2.0,12.57
tomato,Chennai,37.0,38.6,1.0,2.3,19.04
onion,Chennai,20.1,14.5,0.81,5.4,16.25
onion,Chennai,10.6,22.2,0.89,6.4,14.99
onion,Chennai,10.5,31.6,0.63,1.8,10.54
tomato,Hyderabad,34.8,23.4,0.84,6.0,18.95
tomato,Bangalore,26.0,31.2,0.8,3.9,13.13
wheat,Hyderabad,25.4,21.2,0.67,2.8,21.23
wheat,Chennai,31.1,27.2,0.64,2.2,24.91
tomato,Hyderabad,39.7,33.9,0.86,1.1,17.52
wheat,Bangalore,14.4,39.3,0.61,5.5,10.2
tomato,Hyderabad,23.8,11.4,0.61,1.8,18.5
onion,Hyderabad,26.6,11.1,0.79,7.5,23.88
onion,Chennai,25.6,40.0,0.76,7.2,8.93
wheat,Bangalore,18.4,11.9,0.92,3.9,24.07
tomato,Bangalore,35.0,29.4,0.85,4.3,15.04
onion,Hyderabad,11.0,33.6,0.76,4.1,11.48
wheat,Bangalore,25.4,18.5,0.67,1.5,28.28
onion,Hyderabad,22.8,31.9,0.89,5.8,10.53
wheat,Chennai,29.2,27.3,0.94,7.1,20.47
wheat,Bangalore,14.1,32.1,0.72,1.1,18.7
wheat,Bangalore,39.6,33.4,0.7,6.0,23.18
wheat,Hyderabad,16.4,39.8,0.77,7.7,14.34
wheat,Bangalore,28.9,44.2,0.73,1.8,22.22
onion,Chennai,37.2,37.4,0.85,3.2,17.89
wheat,Chennai,31.8,43.8,0.7,1.1,21.1
tomato,Chennai,31.2,37.7,0.68,2.8,8.92
wheat,Hyderabad,24.2,38.0,0.83,6.4,17.24
onion,Bangalore,10.5,22.8,0.71,4.5,16.62
tomato,Hyderabad,13.9,36.3,0.64,6.9,5.0
onion,Chennai,19.7,42.4,0.92,7.5,7.59
onion,Chennai,15.5,17.5,0.71,3.1,19.83
tomato,Bangalore,38.3,38.8,0.62,4.3,10.07
onion,Chennai,21.5,25.1,0.99,1.6,19.03
wheat,Chennai,27.5,11.7,0.84,6.6,28.97
tomato,Bangalore,39.7,35.0,0.67,7.7,11.9
onion,Chennai,11.8,33.0,0.95,5.0,14.67
wheat,Bangalore,20.8,11.6,0.94,7.4,22.7
wheat,Hyderabad,21.0,12.7,0.89,1.0,26.12
onion,Bangalore,37.4,16.7,0.76,7.6,25.5
onion,Bangalore,31.2,16.7,0.82,2.8,23.0
onion,Bangalore,17.0,27.2,0.95,6.0,13.57
onion,Bangalore,12.7,34.3,0.67,6.5,8.5
wheat,Chennai,22.1,35.9,0.99,4.2,16.59
tomato,Chennai,36.2,18.0,0.6,4.4,15.9
wheat,Chennai,34.6,25.2,0.63,6.5,22.89
onion,Chennai,14.7,36.0,0.84,1.4,13.63
onion,Chennai,23.4,22.1,0.74,6.7,19.31
tomato,Hyderabad,37.1,27.6,0.79,8.0,11.73
tomato,Chennai,33.9,11.7,0.94,5.6,20.95
onion,Bangalore,20.4,10.7,0.93,2.0,25.39
wheat,Bangalore,24.9,38.3,0.79,7.6,12.22
onion,Chennai,20.0,24.0,0.77,5.4,13.31
tomato,Chennai,21.9,38.6,0.83,1.3,15.34
wheat,Bangalore,33.8,37.5,0.69,3.0,20.84
wheat,Hyderabad,26.1,19.6,0.79,6.2,23.4
tomato,Bangalore,18.8,22.1,0.9,6.9,9.11
wheat,Bangalore,40.0,33.5,1.0,5.6,22.85
wheat,Hyderabad,23.0,15.0,0.93,7.5,20.13
onion,Hyderabad,17.7,31.5,0.98,1.3,20.23
onion,Chennai,28.0,19.9,0.95,3.3,20.67
onion,Bangalore,27.4,15.9,0.77,4.2,20.05
tomato,Bangalore,10.5,28.2,0.88,7.6,6.9
onion,Hyderabad,35.2,33.9,0.68,4.2,17.06
onion,Bangalore,19.8,27.5,0.98,6.1,14.2
wheat,Hyderabad,12.5,31.2,0.64,6.9,15.63
onion,Bangalore,19.7,18.6,0.6,2.6,19.63
wheat,Chennai,25.9,30.7,0.72,1.2,21.07
tomato,Hyderabad,12.0,28.6,0.62,6.4,8.1
tomato,Hyderabad,18.2,14.3,0.82,3.3,17.4
tomato,Hyderabad,29.4,27.3,0.85,4.8,16.84
wheat,Chennai,39.8,13.1,0.65,6.8,29.72
wheat,Hyderabad,23.4,35.0,0.95,1.3,24.59
onion,Bangalore,27.9,25.0,0.73,1.6,21.63
tomato,Hyderabad,24.4,13.7,0.84,6.2,17.12
wheat,Hyderabad,38.6,40.3,0.72,2.1,23.69
wheat,Chennai,22.1,30.2,0.83,6.2,16.83
onion,Bangalore,19.3,44.0,0.65,7.7,7.55
onion,Hyderabad,16.9,11.6,0.88,7.0,20.01
onion,Chennai,35.4,20.4,0.74,7.3,20.04
onion,Hyderabad,39.3,41.6,0.65,6.8,15.19
tomato,Chennai,26.6,28.5,0.73,1.5,15.74
onion,Hyderabad,34.1,14.9,0.91,5.4,21.1
onion,Bangalore,31.0,29.2,0.84,1.6,20.39
tomato,Chennai,16.3,33.1,0.96,3.8,12.04
onion,Chennai,32.4,40.4,0.81,6.3,12.37
wheat,Bangalore,20.4,23.6,0.8,7.5,18.14
wheat,Chennai,28.4,41.6,0.98,5.6,16.57
onion,Chennai,11.7,27.1,0.83,5.3,10.02
onion,Bangalore,23.3,36.4,0.9,2.9,14.79
tomato,Chennai,36.8,26.6,0.98,2.5,21.01
wheat,Chennai,35.3,29.9,0.75,7.5,21.67
wheat,Chennai,18.2,35.6,0.93,6.0,16.99
tomato,Hyderabad,14.2,10.1,0.7,5.9,17.37
wheat,Hyderabad,37.3,17.5,0.68,2.3,29.97
wheat,Hyderabad,27.9,10.5,0.74,2.0,31.16
tomato,Bangalore,13.1,23.6,0.69,6.9,9.96
tomato,Bangalore,12.1,11.1,0.9,1.9,16.2
onion,Chennai,11.5,19.2,0.63,3.6,14.78
wheat,Bangalore,12.8,33.1,0.73,6.2,16.38
onion,Chennai,36.9,18.5,0.74,7.7,17.33
onion,Chennai,19.9,13.3,1.0,2.9,25.04
onion,Bangalore,21.2,26.0,0.67,5.4,17.42
wheat,Hyderabad,34.0,40.0,0.79,6.5,18.2
wheat,Bangalore,15.9,15.8,0.91,2.6,19.4
wheat,Chennai,36.3,40.4,0.78,1.1,26.64
onion,Chennai,28.2,29.5,0.86,2.1,18.13
onion,Hyderabad,20.2,34.8,0.62,3.9,14.43
tomato,Bangalore,33.9,32.1,0.84,3.5,20.98
tomato,Chennai,33.1,10.1,0.96,2.9,22.64
wheat,Hyderabad,34.2,15.7,0.78,4.5,27.45
tomato,Hyderabad,20.8,33.4,0.85,2.6,8.51
wheat,Bangalore,35.9,27.8,0.77,3.6,27.36
onion,Bangalore,30.1,18.8,0.61,5.9,21.95
onion,Chennai,22.3,28.4,0.98,5.2,16.09
wheat,Chennai,26.2,37.2,0.73,3.5,19.85
wheat,Chennai,17.6,43.2,0.85,2.1,18.91
onion,Chennai,14.0,24.3,0.64,6.7,14.54
onion,Chennai,25.2,22.0,0.67,1.7,23.62
tomato,Hyderabad,27.0,23.9,0.91,1.3,19.02
tomato,Chennai,25.7,29.3,0.64,1.9,16.77
wheat,Chennai,31.4,27.3,0.94,1.7,29.08
tomato,Bangalore,26.7,34.8,0.65,6.7,10.43
tomato,Bangalore,30.2,25.1,0.93,2.4,18.64
onion,Bangalore,29.4,39.6,0.79,6.1,15.72
wheat,Hyderabad,35.0,24.2,0.98,1.6,30.86
onion,Bangalore,26.7,24.2,0.68,5.2,19.37
tomato,Chennai,31.9,19.0,0.67,5.8,18.98
wheat,Chennai,24.4,28.6,0.72,4.5,21.9
onion,Hyderabad,33.8,27.3,0.72,2.1,23.89
wheat,Bangalore,35.3,18.1,0.6,5.6,25.97
onion,Hyderabad,12.3,13.7,0.8,5.3,17.02
onion,Hyderabad,31.5,30.8,0.73,1.2,19.26
wheat,Hyderabad,22.6,30.2,0.95,7.0,20.37
wheat,Hyderabad,16.3,37.1,0.77,2.3,20.74
wheat,Hyderabad,19.6,21.9,0.87,1.4,26.92
wheat,Chennai,16.7,45.0,0.67,6.4,14.83
onion,Chennai,35.6,21.0,0.81,4.4,21.37
wheat,Hyderabad,36.7,15.8,0.66,5.0,25.23
wheat,Bangalore,38.4,18.6,0.87,6.2,28.51
onion,Chennai,36.5,21.1,0.88,2.8,25.63
tomato,Chennai,19.0,17.5,0.62,1.3,19.4
tomato,Bangalore,30.4,33.1,0.85,6.9,14.07
wheat,Hyderabad,31.0,19.0,0.83,4.7,25.84
tomato,Chennai,25.2,17.8,0.82,2.0,19.51
onion,Bangalore,12.8,18.4,0.95,3.8,19.81
wheat,Chennai,35.8,28.3,0.68,7.2,22.02
tomato,Hyderabad,23.8,29.8,0.66,4.3,11.15
onion,Hyderabad,10.5,19.6,0.6,3.9,16.65
onion,Chennai,28.9,28.5,0.63,7.8,16.15
onion,Hyderabad,13.7,43.0,0.78,3.2,13.68
tomato,Chennai,32.5,28.9,0.95,1.9,18.31
onion,Chennai,23.5,24.8,0.7,3.6,17.55
onion,Bangalore,34.4,11.2,0.64,1.3,25.99
tomato,Hyderabad,25.3,28.6,0.71,7.4,9.63
onion,Hyderabad,25.9,24.3,0.71,1.9,20.15
wheat,Hyderabad,39.9,21.5,0.75,5.3,25.46
wheat,Chennai,13.2,36.9,0.88,6.2,17.41
tomato,Chennai,20.0,26.5,0.73,5.9,11.98
wheat,Chennai,12.2,11.6,0.74,7.8,21.12
wheat,Hyderabad,22.3,32.2,0.61,7.3,10.53
tomato,Hyderabad,23.0,29.9,0.95,7.5,14.07
tomato,Bangalore,13.4,43.5,0.75,5.5,6.97
onion,Chennai,35.5,37.1,0.72,3.3,21.07
onion,Chennai,26.9,15.7,0.72,7.3,20.43
tomato,Hyderabad,30.1,26.4,0.74,7.0,11.69
wheat,Bangalore,10.7,31.3,0.75,3.9,15.33
wheat,Hyderabad,15.4,33.2,0.87,2.8,20.65
wheat,Chennai,35.0,36.7,0.73,4.7,19.58
wheat,Bangalore,31.5,43.0,0.88,7.6,16.89
tomato,Hyderabad,18.4,19.6,0.67,3.3,15.3
wheat,Chennai,21.5,21.4,0.7,4.7,19.23
onion,Chennai,30.6,36.1,0.93,3.5,18.72
onion,Hyderabad,35.1,21.4,0.8,7.6,18.79
tomato,Bangalore,28.2,36.4,0.96,7.4,9.15
wheat,Chennai,14.2,34.9,0.86,1.3,20.59
wheat,Bangalore,17.5,25.1,0.87,4.0,19.46
onion,Chennai,32.9,42.0,0.77,4.0,15.7
tomato,Hyderabad,10.3,32.3,0.76,3.1,10.67
tomato,Hyderabad,10.9,26.1,0.79,4.8,10.44
wheat,Chennai,16.9,40.6,0.67,4.0,16.06
wheat,Bangalore,20.5,22.6,0.94,4.9,21.02
wheat,Bangalore,36.9,41.6,0.73,7.7,17.92
tomato,Bangalore,11.0,38.7,0.82,3.4,6.57
onion,Hyderabad,27.8,17.3,0.73,5.5,20.55
tomato,Chennai,32.9,33.3,0.7,7.1,13.69
tomato,Hyderabad,11.3,18.6,0.91,1.5,16.18
onion,Bangalore,36.4,17.0,0.98,3.4,24.55
wheat,Chennai,16.8,41.7,0.79,2.6,15.53
wheat,Bangalore,35.0,20.8,0.76,3.4,28.57
onion,Chennai,31.7,32.6,0.71,3.1,21.58
wheat,Bangalore,23.9,43.3,0.98,6.5,15.85
tomato,Hyderabad,13.9,32.4,0.91,7.0,5.51
tomato,Chennai,12.1,38.9,0.7,5.8,5.47
tomato,Bangalore,14.9,29.8,0.73,2.2,10.73
onion,Chennai,15.1,23.4,0.95,3.5,19.67
tomato,Hyderabad,38.4,15.1,0.67,7.0,19.92
wheat,Hyderabad,33.5,43.9,0.73,1.3,18.34
onion,Chennai,10.5,16.7,0.9,7.6,14.93
tomato,Bangalore,14.2,17.7,0.83,1.5,14.28
tomato,Chennai,14.1,19.5,0.68,7.2,11.29
onion,Chennai,19.4,23.3,0.61,6.1,15.61
tomato,Bangalore,11.3,38.6,1.0,3.8,10.25
onion,Hyderabad,17.6,36.7,0.88,3.3,17.29
tomato,Bangalore,39.1,24.9,0.93,1.4,22.74
wheat,Chennai,36.7,39.6,0.72,6.5,21.46
onion,Chennai,13.0,24.6,0.72,7.5,14.76
tomato,Hyderabad,31.1,19.1,0.98,4.7,17.6
onion,Bangalore,21.0,13.5,0.87,1.1,21.03
tomato,Hyderabad,13.9,43.7,0.85,7.2,5.0
wheat,Chennai,20.0,41.5,0.64,1.8,18.8
wheat,Bangalore,22.5,36.5,0.76,6.8,20.25
onion,Hyderabad,10.7,24.0,0.99,1.7,14.34
onion,Bangalore,36.1,18.3,0.63,5.4,20.63
tomato,Chennai,37.9,33.9,0.7,5.5,13.61
wheat,Bangalore,34.7,28.9,0.69,3.8,26.17
tomato,Hyderabad,33.5,30.1,0.65,3.9,14.45
wheat,Hyderabad,30.3,18.7,0.83,7.6,23.28
onion,Bangalore,30.7,43.9,0.92,2.0,17.75
wheat,Bangalore,13.3,26.1,0.88,8.0,16.09
wheat,Hyderabad,26.3,39.4,0.95,2.1,18.76
wheat,Hyderabad,27.9,39.9,0.75,6.2,14.72
wheat,Hyderabad,34.1,38.0,0.97,3.8,22.95
wheat,Chennai,31.4,22.9,0.73,2.8,29.68
wheat,Bangalore,16.0,13.3,0.65,6.5,18.3
onion,Chennai,26.4,36.0,0.74,4.2,14.09
wheat,Chennai,12.2,26.2,0.72,5.3,17.49
wheat,Hyderabad,35.3,26.2,0.9,4.7,27.74
tomato,Chennai,20.1,27.2,0.73,3.3,11.14
wheat,Chennai,11.4,13.9,0.74,5.2,20.05
wheat,Hyderabad,36.6,38.3,0.81,6.1,19.96
onion,Hyderabad,13.8,43.2,0.83,3.1,10.65
wheat,Chennai,17.5,41.3,0.89,5.5,13.15
wheat,Bangalore,33.5,33.8,0.79,7.3,23.56
wheat,Bangalore,34.4,36.6,0.71,2.1,21.03
tomato,Hyderabad,35.1,43.2,0.92,3.6,15.11
wheat,Bangalore,20.5,15.8,0.61,3.7,22.9
tomato,Chennai,39.1,10.9,0.91,3.2,25.22
onion,Hyderabad,37.5,14.9,0.82,2.9,26.41
onion,Chennai,12.3,15.1,0.88,1.2,23.95
tomato,Bangalore,28.7,26.9,0.76,7.9,11.48
wheat,Chennai,18.1,13.5,0.74,3.8,26.51
onion,Hyderabad,17.6,23.3,0.8,7.7,13.33
tomato,Hyderabad,15.1,26.0,0.93,3.7,15.57
wheat,Bangalore,36.8,42.0,0.69,1.3,24.89
tomato,Hyderabad,12.3,11.0,0.95,6.2,12.15
tomato,Bangalore,21.9,24.6,0.67,1.8,11.24
tomato,Chennai,36.6,16.9,0.9,3.0,24.28
wheat,Bangalore,13.6,36.5,0.64,4.1,13.34
tomato,Chennai,36.6,11.6,0.67,1.8,24.33
wheat,Hyderabad,39.1,29.3,0.79,7.9,26.46
onion,Chennai,21.5,30.8,0.63,2.8,17.31
onion,Hyderabad,13.5,34.1,0.76,2.4,12.19
onion,Bangalore,17.6,20.9,0.65,7.1,14.12
wheat,Chennai,10.6,44.1,0.68,6.8,6.52
wheat,Chennai,24.9,24.3,0.88,7.3,21.67
wheat,Bangalore,28.7,32.6,0.89,3.0,21.62
tomato,Chennai,39.5,38.5,0.67,1.0,12.95
onion,Hyderabad,17.3,14.0,0.81,7.0,15.79
wheat,Bangalore,25.2,38.4,0.94,7.4,18.39
tomato,Bangalore,12.2,38.6,0.95,5.5,10.55
onion,Hyderabad,10.3,10.8,0.6,1.8,17.98
onion,Chennai,16.6,44.5,0.72,1.9,13.92
wheat,Chennai,19.2,44.1,0.88,6.0,14.5
tomato,Bangalore,32.2,33.1,0.69,4.0,14.8
wheat,Hyderabad,27.6,25.7,0.9,1.5,27.83
onion,Chennai,39.9,37.3,0.72,2.9,21.36
onion,Hyderabad,25.8,15.6,0.89,5.9,21.45
onion,Hyderabad,19.0,36.5,0.77,4.9,11.58
tomato,Bangalore,33.2,30.0,0.64,4.0,16.03
wheat,Hyderabad,15.7,38.2,0.65,2.7,17.19
wheat,Chennai,33.6,26.2,1.0,6.9,23.25
onion,Chennai,36.1,32.2,0.94,2.8,22.21
tomato,Chennai,22.8,28.4,0.74,5.4,10.05
wheat,Hyderabad,39.1,42.4,0.97,3.6,24.44
wheat,Chennai,13.6,28.6,0.74,6.5,16.0
tomato,Bangalore,34.8,34.8,0.79,5.1,13.93
wheat,Bangalore,28.9,32.0,0.99,3.8,23.34
tomato,Chennai,28.7,38.9,0.97,6.6,14.52
tomato,Chennai,31.0,10.2,0.79,1.8,20.63
tomato,Hyderabad,38.8,43.6,0.78,5.5,8.64
wheat,Bangalore,25.0,21.8,0.72,1.5,27.53
wheat,Hyderabad,13.6,12.3,0.99,5.8,26.31
wheat,Hyderabad,33.4,26.7,0.77,1.1,25.59
tomato,Bangalore,31.7,40.9,0.85,1.9,10.89
onion,Bangalore,30.6,21.1,0.67,1.7,23.49
tomato,Chennai,23.5,21.3,0.94,5.2,18.77
wheat,Bangalore,21.6,16.5,0.92,3.9,25.36
wheat,Chennai,24.5,13.2,0.65,2.7,25.36
tomato,Chennai,26.5,35.3,1.0,1.9,17.0
onion,Hyderabad,35.3,39.6,0.73,1.6,17.14
wheat,Bangalore,35.4,20.8,0.68,4.8,28.54
wheat,Bangalore,23.3,18.6,0.87,7.1,24.26
tomato,Chennai,23.4,42.1,0.79,2.9,9.2
tomato,Hyderabad,10.1,28.6,0.64,3.7,5.34
tomato,Bangalore,33.2,43.1,0.64,2.1,13.66
onion,Bangalore,22.2,11.1,0.99,7.9,18.61
onion,Hyderabad,30.4,35.2,0.63,1.7,18.34
tomato,Hyderabad,37.1,28.4,0.92,1.8,20.75
tomato,Hyderabad,16.2,19.2,0.96,7.4,11.49
onion,Hyderabad,27.3,39.9,0.99,4.1,12.75
wheat,Chennai,25.1,21.9,0.9,4.8,27.92
wheat,Chennai,26.3,18.3,0.94,4.9,26.36
tomato,Hyderabad,35.3,25.9,0.89,1.7,17.57
tomato,Hyderabad,34.3,15.6,0.71,3.3,22.9
tomato,Chennai,25.3,38.4,0.77,1.9,13.88
onion,Chennai,38.6,37.8,0.83,5.5,17.77
wheat,Chennai,26.8,32.3,0.99,1.5,25.77
onion,Hyderabad,17.4,26.7,0.97,6.1,13.95
tomato,Chennai,27.4,31.9,0.62,2.5,17.48
onion,Hyderabad,18.7,32.0,0.83,5.3,10.52
onion,Hyderabad,14.1,39.7,0.85,2.3,13.5
tomato,Hyderabad,36.2,36.0,0.86,3.8,14.08
onion,Chennai,18.9,24.9,0.67,1.8,19.95
wheat,Hyderabad,31.2,41.3,0.69,3.4,18.68
onion,Hyderabad,36.3,20.5,0.93,2.1,28.93
wheat,Chennai,37.7,19.4,1.0,5.7,32.66
tomato,Chennai,17.0,40.8,0.93,2.6,8.11
onion,Bangalore,13.1,39.8,0.84,7.7,6.06
tomato,Hyderabad,29.5,11.0,0.61,1.9,21.88
onion,Bangalore,22.7,42.3,0.63,6.6,8.46
onion,Hyderabad,33.5,39.3,0.83,3.8,15.23
wheat,Hyderabad,17.4,38.1,0.84,3.6,16.07
wheat,Hyderabad,11.2,44.6,0.87,5.8,11.15
wheat,Chennai,28.2,27.0,0.64,2.9,23.31
onion,Bangalore,12.2,35.0,0.88,5.3,13.35
tomato,Hyderabad,37.2,16.6,0.7,1.4,24.1
wheat,Bangalore,15.3,33.1,0.99,7.1,16.04
wheat,Bangalore,38.0,41.3,0.91,6.0,22.32
wheat,Hyderabad,35.9,27.2,0.65,1.0,24.04
onion,Bangalore,26.5,21.6,0.67,4.3,18.69
tomato,Hyderabad,24.0,26.3,0.7,7.0,9.73
tomato,Bangalore,39.3,13.9,0.68,4.3,20.89
onion,Hyderabad,11.6,39.9,0.97,1.6,14.63
wheat,Chennai,12.5,31.6,0.6,6.4,11.61
tomato,Bangalore,10.2,34.3,0.73,5.0,7.58
wheat,Hyderabad,34.7,44.4,0.76,6.3,18.19
tomato,Bangalore,15.1,37.7,0.86,5.0,7.03
onion,Chennai,35.1,43.6,0.62,1.5,17.29
tomato,Hyderabad,38.3,32.6,0.69,6.1,14.37
onion,Hyderabad,16.4,30.9,0.91,3.4,17.36
onion,Chennai,28.7,41.1,0.68,7.9,10.75
wheat,Bangalore,24.9,25.1,0.98,2.4,22.83
wheat,Hyderabad,24.1,44.6,0.96,3.3,15.92
tomato,Bangalore,10.5,38.7,0.95,7.0,5.0
tomato,Hyderabad,22.0,26.1,0.96,7.3,7.5
wheat,Bangalore,14.2,30.6,0.68,6.5,14.5
onion,Chennai,15.8,31.5,0.99,7.2,13.21
tomato,Hyderabad,30.7,39.1,0.76,5.8,12.52
tomato,Bangalore,35.9,12.3,0.86,1.8,23.12
tomato,Bangalore,11.6,42.1,0.96,2.6,8.95
wheat,Chennai,34.3,37.1,0.66,4.2,21.05
onion,Hyderabad,20.1,32.2,0.62,5.3,13.66
tomato,Bangalore,18.4,39.4,0.62,3.8,7.01
tomato,Bangalore,15.0,42.7,0.95,7.1,6.82
wheat,Hyderabad,32.4,13.2,0.7,4.9,30.27
tomato,Bangalore,34.7,40.8,0.87,4.8,11.6
tomato,Hyderabad,32.1,10.1,0.7,4.8,20.97
tomato,Hyderabad,29.1,20.6,0.82,2.3,19.41
wheat,Hyderabad,13.6,14.3,0.83,2.9,21.06
onion,Hyderabad,22.0,16.2,0.6,7.0,18.93
tomato,Bangalore,31.0,42.7,0.87,2.9,14.83
onion,Bangalore,23.3,29.5,0.81,7.0,12.39
tomato,Bangalore,26.9,18.8,0.98,4.4,19.06
onion,Chennai,17.3,39.1,0.85,7.4,8.92
onion,Bangalore,34.8,11.5,0.77,4.2,24.78
wheat,Chennai,10.5,38.6,0.72,2.0,15.09
onion,Chennai,18.7,16.0,0.9,7.9,14.01
onion,Hyderabad,18.9,18.6,0.69,2.0,24.18
tomato,Chennai,30.4,20.2,0.73,5.8,18.14
tomato,Bangalore,22.9,12.0,0.78,6.6,12.85
onion,Hyderabad,16.3,23.8,0.63,2.6,13.71
tomato,Chennai,34.1,17.2,0.73,1.9,22.23
wheat,Hyderabad,34.2,10.6,0.67,5.6,31.98
onion,Hyderabad,16.7,26.4,0.7,1.6,13.86
tomato,Bangalore,18.9,22.6,1.0,6.5,10.27
onion,Bangalore,22.8,31.1,0.62,6.9,10.68
wheat,Bangalore,27.8,10.4,0.6,5.3,29.17
wheat,Bangalore,15.8,32.9,0.62,3.2,17.75
tomato,Hyderabad,35.5,11.7,0.96,5.7,19.29
onion,Chennai,28.8,20.4,0.77,6.6,18.45
wheat,Hyderabad,24.6,14.7,0.72,5.6,20.12
wheat,Chennai,25.9,33.9,0.85,7.2,21.01
tomato,Hyderabad,30.3,41.6,0.75,6.5,10.06
onion,Chennai,11.8,30.4,0.65,7.8,9.21
wheat,Hyderabad,14.9,22.9,0.64,5.0,18.71
onion,Bangalore,14.8,13.0,0.75,6.9,19.61
wheat,Bangalore,31.5,40.9,0.86,3.7,22.65
onion,Chennai,12.3,11.1,0.88,4.1,23.61
wheat,Hyderabad,24.1,23.6,0.93,4.2,27.26
tomato,Bangalore,36.9,40.3,0.96,2.9,16.53
tomato,Chennai,34.8,30.2,0.95,6.0,14.94
onion,Chennai,27.0,35.3,0.77,1.7,17.91
tomato,Bangalore,12.4,20.0,0.73,4.9,10.17
wheat,Bangalore,16.5,35.3,0.92,3.9,16.84
onion,Bangalore,11.6,18.4,0.87,1.6,22.08
tomato,Chennai,21.8,16.3,0.71,4.2,13.84
wheat,Bangalore,10.2,28.9,0.92,2.9,17.28
onion,Hyderabad,30.1,32.9,0.78,3.4,19.26
onion,Bangalore,16.6,31.1,0.82,3.7,16.14
onion,Chennai,32.6,20.3,0.91,6.2,22.99
wheat,Hyderabad,36.6,18.8,0.75,6.9,23.67
wheat,Chennai,32.5,17.5,0.89,2.6,29.03
tomato,Chennai,13.6,18.8,0.66,3.7,13.12
wheat,Hyderabad,24.6,19.1,0.9,6.1,24.45
wheat,Chennai,22.2,21.1,0.86,4.1,22.35
tomato,Chennai,37.5,37.2,0.62,4.7,10.97
tomato,Bangalore,25.2,35.7,0.65,2.5,12.7
onion,Chennai,16.5,23.7,0.82,5.8,18.6
tomato,Hyderabad,12.5,10.2,0.61,4.9,14.58
tomato,Chennai,21.0,29.1,0.81,1.7,14.41
tomato,Hyderabad,11.6,33.0,0.93,3.6,9.36
onion,Bangalore,16.4,21.4,0.66,5.3,19.09
wheat,Bangalore,19.3,15.7,0.93,5.1,21.16
wheat,Bangalore,34.6,22.0,0.68,2.4,28.57
wheat,Bangalore,14.4,14.2,0.85,1.0,28.46
tomato,Bangalore,21.7,34.2,0.88,4.0,11.94
tomato,Bangalore,14.9,31.0,0.8,2.4,15.13
onion,Bangalore,18.3,23.4,0.75,2.7,16.02
onion,Bangalore,33.0,15.5,0.84,7.3,16.47
wheat,Chennai,24.2,36.3,0.84,1.7,21.63
wheat,Hyderabad,33.8,43.7,0.77,4.6,14.18
onion,Hyderabad,16.4,20.2,0.94,8.0,13.6
onion,Hyderabad,13.0,43.1,0.63,5.4,6.76
wheat,Hyderabad,30.6,43.6,0.78,4.7,19.11
wheat,Hyderabad,23.5,19.7,0.98,7.2,21.89
onion,Chennai,16.8,24.4,0.95,4.7,14.67
wheat,Hyderabad,28.7,26.4,0.69,3.3,22.11
tomato,Bangalore,33.4,14.9,0.94,3.8,21.84
wheat,Hyderabad,22.8,12.2,0.82,2.2,31.03
wheat,Hyderabad,26.6,41.8,0.85,3.1,19.29
onion,Bangalore,33.8,43.7,0.63,2.9,11.93
tomato,Hyderabad,32.5,14.9,0.64,4.9,21.61
wheat,Chennai,22.8,40.5,0.76,3.3,16.42
tomato,Bangalore,15.9,40.1,0.66,7.4,5.08
onion,Bangalore,27.5,33.4,0.73,5.0,15.18
tomato,Chennai,22.1,36.8,0.7,6.9,8.65
onion,Hyderabad,30.4,32.6,0.88,7.4,11.4
onion,Hyderabad,28.4,24.0,0.6,1.9,22.02
onion,Hyderabad,26.0,21.8,0.86,6.0,15.09
wheat,Bangalore,11.7,15.9,0.71,3.0,20.19
tomato,Hyderabad,25.8,17.6,0.95,1.6,21.91
onion,Chennai,13.6,20.9,0.78,1.8,18.9
wheat,Chennai,39.9,10.1,0.61,6.8,27.19
onion,Chennai,14.1,30.6,0.83,7.8,11.62
onion,Chennai,11.9,11.2,0.67,6.1,14.68
onion,Hyderabad,25.3,13.3,0.97,3.4,23.88
wheat,Chennai,26.3,39.1,0.64,7.4,14.87
tomato,Chennai,14.7,11.2,1.0,4.4,20.59
wheat,Chennai,15.8,18.3,0.95,6.7,23.18
tomato,Chennai,39.8,35.7,0.69,6.9,12.06
tomato,Bangalore,32.9,43.6,0.71,2.7,11.9
tomato,Chennai,34.4,36.1,0.82,5.4,12.47
onion,Chennai,15.6,18.9,0.72,3.5,14.65
onion,Hyderabad,13.0,11.5,0.87,4.8,23.16
tomato,Hyderabad,26.3,44.2,0.75,2.5,8.66
wheat,Bangalore,15.3,29.6,0.99,4.6,18.85
wheat,Hyderabad,27.4,11.5,0.83,2.9,30.07
wheat,Hyderabad,34.6,19.7,0.92,3.0,31.24
wheat,Chennai,26.8,42.0,0.87,3.8,15.46
tomato,Bangalore,15.4,29.0,0.98,5.4,11.73
onion,Hyderabad,18.2,15.9,0.79,5.9,20.04
tomato,Hyderabad,20.7,13.5,0.9,5.2,14.79
tomato,Hyderabad,13.2,41.7,1.0,2.1,7.2
tomato,Hyderabad,20.6,25.0,0.93,6.4,14.44
tomato,Hyderabad,10.5,38.1,0.98,1.2,5.85
onion,Bangalore,20.3,13.1,0.79,6.1,16.56
onion,Hyderabad,16.2,32.9,0.62,1.5,15.3
tomato,Hyderabad,13.1,10.8,0.67,5.0,12.07
onion,Chennai,27.2,11.0,0.71,6.0,22.83
onion,Hyderabad,10.1,41.0,0.63,7.7,5.0
onion,Hyderabad,13.4,35.4,0.98,5.3,9.28
wheat,Bangalore,37.7,38.6,0.72,4.0,26.51
onion,Hyderabad,14.2,28.8,0.84,4.8,9.59
onion,Bangalore,19.6,11.8,0.76,2.3,25.85
onion,Hyderabad,23.0,23.6,0.94,2.5,21.79
onion,Bangalore,28.8,29.4,0.98,2.3,22.94
onion,Bangalore,25.1,39.7,0.69,7.5,7.17
onion,Chennai,38.8,39.3,0.75,1.5,23.7
tomato,Hyderabad,25.2,22.1,0.67,1.0,21.35
